,0,1,2,3,4,5,6,7
0,0.23226047978928277,0.7022484230891678,0.3310410815712985,0.38355088355246914,0.827588159103356,0.12325623239484929,0.7860737417205058,0.32725349997812003
1,0.03632261351991173,0.09699632951476234,0.08018032646829776,0.5512205607476399,0.586554838581818,0.11750749195347499,0.229703466897774,0.7612354349571473
2,0.5715114328176389,0.11162501561501437,0.6835913608431877,0.25691899518682493,0.49475516172319345,0.27002794066257707,0.5368175412845952,0.08851366319140608
3,0.10814303594113672,0.9546783092457259,0.48136646108592585,0.6448796443782945,0.9087066975573567,0.625235541795642,0.5037996128295895,0.5683194917771005
4,0.857627064282617,0.666895024737218,0.4504816696393983,0.8015875139000344,0.8787795597457266,0.48852726138730795,0.48579797587132056,0.34500785327834804
5,0.429130150986065,0.7781204320387384,0.1552762882693388,0.9973085952763419,0.38151134845451196,0.9897429914796632,0.6474091648016747,0.8004672778818926
6,0.7493471572571568,0.8446398582243182,0.7749462229395312,0.88051763964101,0.9703692034501686,0.10127407026426538,0.7334010434815879,0.8824299771935002
7,0.9108157846732422,0.0007942936085323371,0.48505211428177675,0.4188231720027298,0.8882169509430803,0.26811056325593785,0.7898477606138145,0.7735882625073762
8,0.3452540345220547,0.7789511222087309,0.5401813427773081,0.5421490572026246,0.34344024303444654,0.3761685615699716,0.8933187962066531,0.04013105253771987
9,0.07121084009061163,0.05713039736719139,0.7059378544766891,0.8403879760968879,0.8056285665659367,0.3416408580258651,0.6518010905994054,0.32546099010986174
10,0.13661306140219998,0.8410190040041499,0.6378861125809885,0.15440523999728872,0.8614542336458335,0.11021210176407936,0.13510614720970004,0.20416845775161108
11,0.29508878294839747,0.7741591562510374,0.8045737874255401,0.6499264074496509,0.30827772738714376,0.5835365803034859,0.9103174655428661,0.6243162158274745
12,0.42121658715550314,0.972295562780642,0.4271538726030153,0.10616673820942202,0.1416951090792209,0.41749371375591937,0.21308179982239805,0.47631575249369706
13,0.9486226274906346,0.2755717389771696,0.7199912589699713,0.6511513603690711,0.41397397897321164,0.4405209702040467,0.8079962644119912,0.6069304054006049
14,0.2703401328974684,0.25352235942231927,0.6057452598025413,0.695361900624179,0.8824220957945911,0.0057328402823699776,0.00588686646273473,0.9542691910080457
15,0.8929128330980648,0.04085523397249613,0.707445879399542,0.2412518437759983,0.280191524958198,0.2724102203547343,0.013186487122065937,0.5388922959744401
16,0.9655229762608969,0.5940234266328093,0.6547555713985436,0.600571165725812,0.8916072739119126,0.692369660574332,0.9924096142029112,0.5960016399621032
17,0.5895809321697858,0.09464592754522994,0.07920386921003952,0.41205837931968403,0.205101773400867,0.19309154640404302,0.22270143207902515,0.8972583369163613
18,0.6976329745918569,0.003528403333291519,0.8160186022948864,0.4933828575306658,0.6193203073847712,0.7383187126331554,0.5967560727192276,0.6605010584172191
19,0.340827929084605,0.8445018032853056,0.14657970108195262,0.5328607394341545,0.4144487404670031,0.17430194731485515,0.8521896453035328,0.45704967885344505
20,0.47124598147549557,0.0955743392332038,0.5269200891509443,0.1796301420534473,0.8092034919451108,0.014338578266725799,0.3731841923549615,0.8073254263306331
21,0.23108771801942218,0.37719389610853304,0.8844226804763721,0.8736713450771603,0.3744064051685112,0.40105721874865785,0.4513179959754672,0.6272592348486078
22,0.03356543174066673,0.5287229135228362,0.8430727578571029,0.3468122164793419,0.6145401078945136,0.6143721571710731,0.33846182515048306,0.45154919698822704
23,0.9406282201492028,0.6930409418798646,0.49238832605963734,0.752752175680034,0.03485600646458853,0.27620875958546176,0.4601406913588839,0.6394454902425406
24,0.9751021218811601,0.5372569249817318,0.7109637369642438,0.1853868481234141,0.9602249970030708,0.2385226216180042,0.005385541014302886,0.4277083127666691
25,0.964408244727199,0.767330726868603,0.8893615831254753,0.5936178896680429,0.9541159531336721,0.25959731064841474,0.7637928238174483,0.577791141805592
26,0.05341816727316573,0.03773390248020414,0.04314901458559128,0.8476656097109505,0.49988375934912055,0.21054585588872676,0.8058445095387418,0.566977133117702
27,0.7013726294798492,0.7723041278871023,0.5224837116285374,0.5185152108825298,0.0870671700444483,0.6204738968484981,0.8657979707616501,0.5176051917064524
28,0.8664559809155976,0.9194531267160206,0.1013176728201991,0.5054770907462349,0.46061685249756523,0.6272437105150473,0.31289555313199724,0.39365148760176794
29,0.10614353663398557,0.9427255324396221,0.8669424086165952,0.7844597836758658,0.794434703515297,0.8669810853539387,0.7374684437199167,0.9515197775625183
30,0.4380367335542429,0.950379493383668,0.028438641881598392,0.8027618330756582,0.35446847138189486,0.693695733838356,0.5013084068196932,0.31760702644610983
31,0.8452608064226149,0.13877516122368816,0.4140978061265168,0.47572491476013834,0.8574248096985013,0.1246213899036922,0.2517280265501425,0.2693751514386279
32,0.8956143918237133,0.27713205973048916,0.3585140937653074,0.025619039375466612,0.8424420833265182,0.0482389332164922,0.6384947528905901,0.40018296852100166
33,0.9787312301000839,0.5914568681254853,0.4266542628871006,0.15774973894443367,0.36263167598354185,0.6208959724777554,0.8203365894986859,0.09645804026998517
34,0.7439084435692956,0.2669812977133371,0.13036352309463184,0.14943711946576976,0.0177877809940602,0.8998950173163514,0.2225716387818817,0.9713506125772601
35,0.11417373529538677,0.9708943259177105,0.3585487878674596,0.5698198192729563,0.1571294040906378,0.392672397065688,0.9293861231628534,0.6070394950541265
36,0.3957753139963037,0.34083676060079204,0.9010716592889236,0.7045905067474787,0.4035625263546997,0.18869544338302668,0.5651342157156108,0.00872701173514212
37,0.49835825804655776,0.8368437938261931,0.9032493094008781,0.5983958558030129,0.328408507894948,0.18516903021756304,0.7167270255304822,0.6459603530617536
38,0.7486531296777089,0.8648044457207976,0.7964881368334846,0.8316873660442939,0.5601395738837791,0.9368655922768616,0.7680764450340255,0.6541953623302019
39,0.1571530818487501,0.9387074004051557,0.2816077918353216,0.38965668303026646,0.4457565649189308,0.3438034671768492,0.3921316091872922,0.23441388058224177
40,0.491294816832621,0.7028608525123337,0.18837595771151627,0.14684225431542208,0.6508840924847451,0.17507475523547467,0.3673900169153458,0.09227599085963323
41,0.427213109959394,0.17999763711280126,0.5184876413132573,0.10575185638127482,0.5209508023060336,0.30764843278008136,0.08192775824052578,0.28466262842438916
42,0.1061851263608099,0.3691671065110119,0.2614980501836317,0.07586845051306346,0.4572505581039411,0.4344033042481886,0.7076638674786573,0.2586511440393311
43,0.7631157756810399,0.4944207132740057,0.8714723138506619,0.30310408613034,0.3236030418144752,0.4492167112683101,0.928793565792585,0.4582742046307199
44,0.48659995254152444,0.5800807849757321,0.2568528028023015,0.7060957570199076,0.7175116265172844,0.532322941407646,0.32882946523727075,0.6394934369050082
45,0.6618526517501372,0.5565848122738533,0.8941889783057072,0.2597554454563463,0.19301754202362142,0.41963359897471053,0.8461109748451772,0.7904553535024867
46,0.02742489993963526,0.019846345503823914,0.44635541411470003,0.5943868153299546,0.6336027030560911,0.20514186491495767,0.3908501312188576,0.44288655048373426
47,0.9746289147560473,0.7645081205702166,0.3289466756624222,0.668527718475519,0.8201263198536336,0.3618275017410658,0.987429820253813,0.33404344371198413
48,0.5253810121961813,0.8153376402265402,0.5944297296954886,0.0652289800163024,0.3410579377739251,0.30693222645319673,0.5436171949335769,0.5917496975890614
49,0.8298842601938277,0.5632173237482538,0.22073744670834528,0.4431113882595987,0.7196403506647272,0.5053026127083299,0.6132605942103238,0.46266647069403033
50,0.33792806211834836,0.09240506065549026,0.46792536858582645,0.9773973695024103,0.21373370725434504,0.4964609946144307,0.9525700708856527,0.9897526051683334
51,0.28478207898071595,0.8090638299073815,0.8122006247284104,0.7027322008760211,0.9631222746103285,0.4826664639637164,0.7331246876456208,0.6187944390322644
52,0.10506183619090748,0.20715764561973604,0.01731418649912264,0.360782986754009,0.40040160758960364,0.23389675724124326,0.7931702126807597,0.7413248115513645
53,0.9104048379784171,0.17260030409074412,0.462467894869115,0.6894406057013343,0.6024335094563129,0.1995368932398932,0.169223860219461,0.20901485315909152
54,0.9272932056708676,0.7622876053587005,0.10696809868220025,0.9035165353053625,0.20628072142326181,0.6219117943990828,0.9393241845056067,0.3296348519766076
55,0.9909330076395466,0.16400426976404303,0.7843647013094087,0.08105426745810673,0.36954267976015354,0.1795820013023598,0.9469163494763704,0.9401537939895854
56,0.6190097095568918,0.5117667757060543,0.9722350143787193,0.6212062806356287,0.1291772377191055,0.8657666610197364,0.5119695165758387,0.9375735738087632
57,0.276769202148621,0.40599032137244506,0.20196587091570894,0.08543960052051147,0.8948302845805481,0.3020164721676085,0.8911569323305168,0.5102962296948903
58,0.9945640813920682,0.5107917309306963,0.5783967150768685,0.860256187178006,0.033538512333189385,0.0863657349509821,0.7239770532430411,0.8885761936154084
59,0.515006776256373,0.4272578242440255,0.9903629578982834,0.34542476893074836,0.4685241022567692,0.43782575250315536,0.6144843023773391,0.673445472143958
60,0.5514238572131898,0.604758480315874,0.6370199274074037,0.7363330989260206,0.9590098680741459,0.2482642534899535,0.7265748371112584,0.31294010320449617
61,0.443013788092263,0.3519025915238331,0.7557925293871259,0.12818492633632694,0.6345556023256432,0.3729989160216943,0.5178523717017045,0.16474521927881813
62,0.07067923721811098,0.4537244656628209,0.2543865492705577,0.7344472634490159,0.7551653480034455,0.4915185737829034,0.7769243149914626,0.9761731978580487
63,0.564017735116332,0.2378063684794698,0.8872965951409232,0.18777135832079406,0.7326946807339281,0.3417285330112638,0.7271234843429918,0.8581626044382071
64,0.8955180006295598,0.026274890243658144,0.05730965068691651,0.920311022625778,0.9995782488649445,0.2074701412919835,0.8681852010830724,0.002260439483126375
65,0.5090760855745672,0.5561572774368518,0.058038679865379694,0.3665095642002546,0.7129662646770244,0.39545178223988864,0.8796541274836276,0.830145105494524
66,0.31931507631980083,0.7337809898845374,0.9755411853385391,0.8489853945810893,0.31982546825653546,0.11457474353275654,0.5775808935465006,0.9954916986877145
67,0.10850186324926414,0.06444352736530246,0.03131074883209539,0.10701137495102386,0.1399519205360642,0.3867105626218328,0.9372753772185783,0.46699491565084605
68,0.7017583735234328,0.8832729464546971,0.7888159364119008,0.8553159224471352,0.04177173780177135,0.3617088976629588,0.60389681928123,0.9872838993559327
69,0.9358560503798262,0.37737652171265235,0.39560406402580417,0.013887730038388169,0.2296476332766607,0.21791656058064057,0.5744348381419901,0.5295337486546711
70,0.8937060345352281,0.1474665042366401,0.4198401539637009,0.5857644981747371,0.08490561845077138,0.6581290212456248,0.552852326965887,0.05135775434136658
71,0.3772966809709025,0.34847107109472986,0.863065675290726,0.09500035355876013,0.5403515167486181,0.02945308124158552,0.866618633222667,0.22489977551807472
72,0.9143074253918285,0.9357577154572447,0.8270329366345558,0.9450723869244452,0.5633812676903589,0.2758914808170013,0.5451656349485888,0.7891943607555412
73,0.8447055776883442,0.7120109969390033,0.2130573671436755,0.6012295560938473,0.2709805601930382,0.8705714412883747,0.5045232566646026,0.8631463514056021
74,0.5030062638464701,0.960526575932925,0.8433836254569863,0.9424253179627099,0.6069882257478765,0.8095039506237797,0.949376232771711,0.7924386017659779
75,0.8364189458711421,0.21279848519848255,0.07061620172971328,0.18931829365425057,0.6115907041453782,0.12335156876118347,0.33056120418896107,0.05992485325685182
76,0.6192033085176135,0.3642805524889353,0.5805561899714503,0.8237403687669778,0.12516108964739603,0.15618425893017895,0.7403747634689017,0.6385257378772478
77,0.2546959339916882,0.765006873310375,0.49610703701895886,0.5548603462457342,0.9672853627160577,0.10959212828253506,0.5156936081114473,0.5572357812703868
78,0.598082328768075,0.9110707586804834,0.630996601314633,0.8061179582526383,0.16054117396457546,0.29684678926600494,0.59618422937581,0.23461188698761826
79,0.1727849513023646,0.08151826644819415,0.24095521183134094,0.7335642681113517,0.5792223816461016,0.5341571703278637,0.5098809919736299,0.6663068397476204
80,0.32278925566532324,0.02215248086890509,0.5310599328565937,0.2993133164146614,0.29080187600952656,0.9846863070674163,0.8403489650528316,0.4674793539077471
81,0.8164157949505506,0.892331929367138,0.9024980643561326,0.04153669168929219,0.9690354813674397,0.5041030306726286,0.9456813815618209,0.9852540805400486
82,0.3287690836794043,0.6197751604454207,0.9458600690097032,0.7337375644018322,0.621121112698627,0.34553195428708083,0.7952586258592675,0.6879831942233833
83,0.19593516556060409,0.896997075196064,0.9072668489630967,0.25150419332874585,0.23105764642379967,0.972432541665893,0.16518232844701486,0.02515141115972197
84,0.9245855980467091,0.6334060756840852,0.6360933299749016,0.06867239281115645,0.29439952878211595,0.7515029763642097,0.7928083086201756,0.8189536337228249
85,0.5009671346634846,0.07287227421626619,0.6134402056472851,0.11465479370786824,0.5457229038029122,0.939306699211997,0.1497142189034426,0.33911223565387305
86,0.7770212005601814,0.9250612008230733,0.6620535578228804,0.5639837945473641,0.17778731479828747,0.10444421467627563,0.4449554872482854,0.3145956182895734
87,0.5532446393635918,0.6888331220249403,0.8280040901768175,0.39596104359468975,0.3811872342881574,0.5418415212809077,0.6469448998608461,0.3709703454969533
88,0.7679541076368706,0.6663284232097979,0.6595675836476015,0.2407476071539869,0.48169171434230185,0.23335654316551546,0.5880211429217527,0.9344686012320571
89,0.9743083910913743,0.6980320102897949,0.3950951939292058,0.265199374531786,0.5092776220923342,0.026567406321802545,0.766881773768662,0.7627686321494448
90,0.4204370015203529,0.2391884600900851,0.939760606194912,0.07332622496207086,0.18285649090055844,0.6437029872312413,0.815057353569512,0.9085496348442244
91,0.5956022622200234,0.7040680962703919,0.5180860828622603,0.4751185140346279,0.7646665975158765,0.24986716703721412,0.2999833385177749,0.9354781847271885
92,0.8757714672169031,0.5096261160616444,0.8425877474360466,0.6483220693333984,0.15927962278240937,0.5009424813258146,0.9986872482627589,0.1047647888015838
93,0.8672361995854276,0.3814405079698704,0.6726559506999539,0.7040661572743645,0.008095304734149655,0.27995084671964743,0.8104685222251493,0.49431489275986396
94,0.9830142487332223,0.7280138180749074,0.8809341961087573,0.5502675297413584,0.2543705990657592,0.055207811127435225,0.6388319229790845,0.16297823849245796
95,0.13882317297626579,0.25464015671778684,0.6322616632508338,0.30688738181628383,0.8455154535565692,0.8410444720488135,0.5079319172766349,0.10542564069865956
96,0.7832812485288346,0.5885873973257348,0.805859281935847,0.10243131973046626,0.5594361353859464,0.7064833484003009,0.7050148011678156,0.21748505207785196
97,0.4910695019008783,0.3880090912468326,0.5075646316742634,0.604191773331613,0.27856268675918017,0.012700897597091032,0.5165154902261623,0.1150821693073103
98,0.8775821474951855,0.5875506103162419,0.4977716547099983,0.7229919599791311,0.21921047682617223,0.6505962543741988,0.5857898942469326,0.5800832830709053
99,0.36831250804311666,0.895058588556877,0.914783841899178,0.25429201678477076,0.5041565424684069,0.6696271223781853,0.6221711336225191,0.555943741075112
100,0.9009857977388971,0.902581294011267,0.05444948473603972,0.47210019664527714,0.8111801495980835,0.14481751418959377,0.4000942842362436,0.3621671513168082
101,0.6207260902598574,0.6373009907017778,0.8182393425146602,0.831125118788382,0.7633620295858407,0.9584731026690092,0.685482347891593,0.2416947389697277
102,0.922785452023514,0.394484729636981,0.00029753923562181317,0.4652479542124175,0.7262760953238556,0.06352225629734243,0.013514979363286495,0.21797122809875114
103,0.8833586122010103,0.27441017269952517,0.6885186176006959,0.7148536504374111,0.20604017962028565,0.5164623854150459,0.40737822433339566,0.834080193516748
104,0.35773523226751747,0.9398304048820785,0.8887616036630324,0.9822290720071882,0.7026371630841647,0.7842744107632098,0.18304942023583803,0.0833855865886125
105,0.6690482222147586,0.5667069796317451,0.640471067995223,0.4743208407798649,0.7059805933212224,0.4967803075273104,0.7517919504832671,0.5182702655273926
106,0.12856907938747408,0.7105179606614694,0.8027407500267864,0.2646014831744261,0.27976301394232284,0.975888967325769,0.14478694871000353,0.9478074839261837
107,0.9962089425812736,0.7178137569895537,0.22662411700506513,0.6615909109822824,0.5190060293109992,0.37798092063446154,0.5060875677887061,0.6425768750076345
108,0.31877715567420073,0.8040028195950287,0.9842363690686898,0.6452595252770061,0.5617481749448011,0.2186482345474572,0.3608394691306954,0.8739129739918412
109,0.5612506439091566,0.9987001881919813,0.9632995967919286,0.3130120753454647,0.8694688651744896,0.5918406446706996,0.19432628025206888,0.7827421970895178
110,0.4460418863664348,0.47869074801623024,0.005555907137591576,0.7502263364759505,0.5896198919181741,0.8903982407654548,0.04510523849893977,0.5335356630850433
111,0.49447938397976776,0.061247828330316056,0.13338653867320915,0.5744419996414846,0.13890726847643864,0.8767972586910405,0.2530600354883704,0.25297422807417025
112,0.08215356594080858,0.4216350743791162,0.6131820996045656,0.2149420412601435,0.592655741011751,0.6786198758175844,0.9435460297349203,0.43549013597451947
113,0.38649702336511593,0.8659826508493857,0.7468612232379908,0.9808174654208784,0.07361310122851139,0.05263672046540868,0.7415322020904436,0.5164911568305696
114,0.5503369713399008,0.23071398983242364,0.9478600182561955,0.030736708584078065,0.6754734211685132,0.644141177602378,0.13289903480098886,0.15597020924795613
115,0.9980275529430177,0.021401017767978092,0.7770486533999391,0.3763465129449731,0.01084884254551699,0.6610736668803839,0.15541077977861895,0.9915414953931936
116,0.7597697231724054,0.06716031312027781,0.9448451508693922,0.3693712436206279,0.3205808534878798,0.3243621650448012,0.9439522460434452,0.6508155324581221
117,0.4733711554812138,0.2968655161986805,0.5489082103693284,0.7076125323185138,0.606462057808417,0.09543004989239368,0.09071924022345834,0.12264153625248109
118,0.562203960363444,0.578674583336482,0.07456081937505521,0.5006434128828381,0.5068273398000837,0.47413659761723037,0.0269744025885168,0.6741511439249689
119,0.12723232759247882,0.17896301351705035,0.2155412545905555,0.14014854383849396,0.8667721388925848,0.8370786185727223,0.37127625788675434,0.5801903876877242
120,0.9411169601116429,0.17978396270737595,0.7521612880252334,0.4059512094644866,0.6494454093773591,0.7824907448333218,0.8313105198547506,0.8295222289870068
121,0.379500726531831,0.44762337641365435,0.13980253669351494,0.5898133575184401,0.9737715591061651,0.002247223685105215,0.7250348185714856,0.34794807834800523
122,0.7958674821762756,0.9386539307227706,0.8942601922062123,0.15653683996464263,0.8469710403487493,0.16394190343131465,0.7887485535103649,0.5835846979307803
123,0.9702481448840197,0.36872390325530013,0.1830823108732348,0.6202084980250068,0.7190270624534142,0.4845147716732573,0.3744647474713164,0.08221180287629315
124,0.2932959533880327,0.418207318414327,0.9410773121477123,0.7922806435332682,0.8148254242302547,0.9736173923344612,0.5047573544351285,0.3860401288564207
125,0.4219748201049457,0.7176543799900321,0.8899018198930234,0.6010619141580216,0.14774570033108625,0.7412735953479609,0.6938091550699397,0.011852013758768098
126,0.44896926612015486,0.044628656818956,0.04974721063827359,0.6529291556367751,0.792310789960943,0.12424740655682776,0.11857998584943719,0.15198842662508505
127,0.433422232197497,0.6624201122385024,0.646460105161654,0.4145080762923773,0.04321705764267869,0.46973159212612314,0.3588524956992629,0.9722095053207137
128,0.2916699056048946,0.35199789246309043,0.15455427351904671,0.42339582808210807,0.21618496640699858,0.957793368181338,0.1686796197635928,0.2689687970509306
129,0.1695771832805114,0.6206040927590648,0.775212600511739,0.16726001988592365,0.6081523987170936,0.30200207019885794,0.47740447745478354,0.6176703746560628
130,0.2560897428803395,0.8725079316026995,0.19447281549530404,0.8004041095007132,0.562305104623724,0.00914372027347754,0.8180275398110702,0.9065613944571652
131,0.34357973495812444,0.9635333707497731,0.9516574938245022,0.35196972898022594,0.536119639321664,0.842090916040461,0.14255069499196704,0.8243049946998094
132,0.49725803444893335,0.09817811867088744,0.8236534397060414,0.19415921225039223,0.9411896210389799,0.5508660169607813,0.5729789502864165,0.7122873703902189
133,0.4629177777543493,0.7657884014910626,0.06672192260115495,0.11693327342535931,0.06612893191809244,0.2337726530708356,0.06802947786454427,0.36194367525822424
134,0.3134138201616642,0.29381563993945137,0.7736139709686911,0.8821861470361505,0.0540860665777716,0.21520414739909188,0.8317358538966818,0.14971655178309906
135,0.3591287439183293,0.723941025545658,0.8350199459407817,0.9615466053973063,0.0890266949496521,0.22600155491749874,0.0026066569558876873,0.3573918362359977
136,0.7478178689626235,0.5603079729881618,0.20311166496925415,0.1501815597736954,0.006576653341013539,0.26685684653602404,0.5101519325569845,0.7321008359417281
137,0.5905078522456578,0.8043611076832718,0.461953386285855,0.6643529960419949,0.8350383515229898,0.6047284612299052,0.07762809007528448,0.8470544074546539
138,0.14561331765385455,0.41494690473817253,0.21801633439521806,0.3875301365256828,0.284658450359913,0.6230866225287393,0.49697162420392327,0.7229400435268997
139,0.38562864039132005,0.7988551719492089,0.3359302710089468,0.9560401466340827,0.3102389062291889,0.7554330915052826,0.23148654403756241,0.9769371824447035
140,0.7224360162722869,0.5481214467304713,0.43712641788507767,0.39179439167372765,0.8333160820490368,0.672767391376165,0.027757654617841854,0.8087665673825939
141,0.6778867502087207,0.609891621784545,0.5253074623738371,0.20819197966795144,0.2333458979312233,0.8339837286570082,0.19798831183193444,0.7106032083993534
142,0.9420555498078232,0.48465007492188716,0.6529990788918005,0.049165030501826745,0.4834541490753723,0.8616018575630967,0.7133053978040904,0.0406585257432569
143,0.6034264412699017,0.7376211360795084,0.8134861075526613,0.9797141908250024,0.5778387429071393,0.30391114801237185,0.923542630501798,0.292783176239071
144,0.9160928618791574,0.1231591711244282,0.7084985070144452,0.48953089537544014,0.05427739222083017,0.7841469527467119,0.6520202813127446,0.5077291422683142
145,0.19206476453233812,0.7138890525331266,0.9680522396217369,0.7952468655028907,0.8229986697031214,0.24891667160230835,0.1374866585099005,0.5491158683397912
146,0.5182069172712306,0.738414030959477,0.20105451476814418,0.4097298355992828,0.43502902945301347,0.6796942864103074,0.8483582780712926,0.12430579742768455
147,0.3393591011570597,0.431203752063117,0.976934669822046,0.4871158491208031,0.5612559398148688,0.3084364503620216,0.3684301869279186,0.5370467898466817
148,0.026847065385294466,0.8553257440913081,0.21343343719686292,0.8112951631243335,0.023609291807813126,0.1208758126230417,0.9945823011062517,0.12734673755438108
149,0.22410081209617716,0.16172561096605598,0.5092381020695931,0.8756065952207912,0.4646209887524827,0.7155055554808861,0.31989121805159526,0.905331623502338
150,0.8035890628593017,0.037865533341209234,0.13712509042234067,0.9474029634368291,0.9304603599309332,0.30300471677861274,0.5083596483030487,0.769606576398946
151,0.29495302039298854,0.5742352154932336,0.917439486199022,0.20165241474724604,0.0643048873905252,0.4474395723484904,0.3295288148242662,0.8001516683006916
152,0.6658302501953242,0.5781898114767834,0.8711523610882406,0.689601424702777,0.9819789598262625,0.2275861362153644,0.16388059347173567,0.6262833894766918
153,0.9292269314871963,0.29053200343823027,0.758902706331631,0.1120267361754348,0.409819371572671,0.9530700521007381,0.5753695161379438,0.8217279067838511
154,0.042631891913383235,0.5008201273456204,0.46832288835267455,0.010177734144199313,0.7317888809839376,0.8251120136138854,0.5500391393072266,0.8770831839077639
155,0.6430632393117571,0.2538399644248507,0.11765592468468389,0.690341281004806,0.8424386762191828,0.7719686964627229,0.6702365368418454,0.8554382410669455
156,0.5235721738305891,0.17209095951941078,0.13319368319985103,0.246573113175115,0.20084934659926568,0.0159979023200435,0.773608709436469,0.8917874766169036
157,0.8991845856429397,0.15289018817483846,0.059964570521473415,0.0518458706348367,0.3916504260111219,0.784861618231738,0.8653823020082988,0.9055208346757853
158,0.2048329003211733,0.7803482076141653,0.7541089644405521,0.34710541052464694,0.5194928520146747,0.8602571861217786,0.712012312658621,0.20849828914464852
159,0.6816128529338685,0.28013061102069603,0.9468368763067877,0.5078432488628126,0.1746419173207432,0.16245847073106356,0.06785002051786582,0.5578636896437286
160,0.45796363418042885,0.46782724722168834,0.8019324456548514,0.3801676678335443,0.42061697894670647,0.09395012389352286,0.4038777294774927,0.9128489706514683
161,0.23518870256955082,0.5503430135955315,0.2470735583591558,0.8737720757985634,0.29738740337739233,0.013343218806671553,0.4716919750313816,0.6507081660629906
162,0.2257595202812851,0.0009060633621279512,0.22121022169852478,0.6646063860214901,0.3169570399214541,0.8602300427976393,0.8157247077632005,0.08944468455010657
163,0.11107937306635074,0.16546701394565333,0.7472446929245898,0.6617719584907383,0.7325093946139931,0.851293630697128,0.8145545819034692,0.9936098730142572
164,0.5066822685989012,0.2189791213476031,0.5660197684306474,0.9191686172688207,0.5478128827875295,0.15440779684706918,0.9180138363265673,0.9335855934875634
165,0.14903633634165314,0.709908477392438,0.0694155025159946,0.4161022431419861,0.2896720741868055,0.3846412231351315,0.5502840159344329,0.2958919864526971
166,0.1594782237592931,0.8723500187749735,0.6908521729948146,0.5163659811979993,0.08053480483653563,0.663054571972371,0.976925861370917,0.7528353789963532
167,0.1835897785184234,0.09363808220804237,0.7816317590808745,0.18660058767505416,0.4844043507428909,0.8290391334131392,0.5634409589231366,0.48516326373131935
168,0.7349749508147986,0.5142792484977106,0.3862462919946561,0.05816359607522037,0.7354371726413823,0.806318137014256,0.03475589310896965,0.22659773378790005
169,0.3334227064531584,0.8512741472621316,0.6147317242997998,0.9776840176935745,0.6240062063135873,0.2620330895000538,0.6064971672898827,0.12642518676590053
170,0.9470916339124454,0.43727107092157613,0.846234374832484,0.12114854558350052,0.8297921244712905,0.34775006313370227,0.2652610602445358,0.7504777959416212
171,0.07172143352243177,0.20767996209780248,0.13677828163580763,0.3267422761389921,0.032580941237634,0.2963205013416984,0.043714545805262905,0.24366967232123438
172,0.04687208159842593,0.2515539412998683,0.20285872382713543,0.2581204783450499,0.5566966383479963,0.9602807059207813,0.2563412963778402,0.9247758599859935
173,0.950280001262877,0.1090931641765216,0.520927691571213,0.5477163904970997,0.31411936084778214,0.6040759585069196,0.3041449865569765,0.8994079365166547
174,0.7441332085092148,0.4805596991436938,0.5694486073995675,0.30708388245078655,0.9730894376409733,0.6614126343859106,0.41985108136043914,0.20206372818870977
175,0.7662020672078681,0.35800685123624554,0.7421557318437183,0.4861047811926845,0.5712765986761805,0.832568128442708,0.35285957724938777,0.9065851439431629
176,0.9114900805447824,0.03567931300599525,0.2304887345372152,0.9650858324890853,0.39048549746050676,0.3593154859324733,0.24159466819030495,0.47485676701268054
177,0.07708127922133412,0.5737263404738242,0.5761672488518575,0.04143788571422469,0.6184434726928644,0.1918363233376118,0.8175974054550192,0.0908990620660115
178,0.5722067906107227,0.4212987647868479,0.8788372489605201,0.08156712472081717,0.08033274598465445,0.7661351269908586,0.6304990442005058,0.5216039050747385
179,0.15778667947151304,0.48875773365902986,0.20656160901725906,0.924058226703346,0.3092368565452748,0.422066083149617,0.5424408480913055,0.39757019528553916
180,0.6603767232816925,0.7103376880405383,0.7287289985069147,0.5849237543487944,0.2545995332227796,0.4448061593309671,0.09275266753414158,0.01574212751133719
181,0.7867142072510073,0.5051920710265421,0.9808179736925278,0.4305024492235615,0.14435572174097056,0.6178633796380628,0.8137800975360618,0.5174780352347084
182,0.958238482763042,0.7841991020389013,0.6234518930416798,0.23951559360170172,0.4819680673215063,0.38319118042128286,0.9446268031963148,0.21217091123718024
183,0.5441316191177387,0.33744595563465707,0.6346671715101626,0.6558842907706621,0.621469994268333,0.8446472449506182,0.08287203853339153,0.2807283627139182
184,0.007079855966627302,0.5613374602475748,0.47833792479998094,0.9925497333681222,0.8593743415334163,0.414425690842798,0.8851652566895297,0.08738647805063693
185,0.6401933710529645,0.48789352204902914,0.40617486324198127,0.27477486063354584,0.7709915387724444,0.3080926641719285,0.1441256326629634,0.5541740942069956
186,0.10994887196127456,0.2716595023370477,0.9305730340274714,0.2404940416707786,0.6322357342613335,0.2484208495268726,0.7244793529429917,0.7457981510627842
187,0.4685174011744183,0.7305490692349534,0.10330007811027786,0.058096497097785305,0.6216035494782143,0.9172040172322977,0.9939188180204538,0.7358477931014092
188,0.29403885480277614,0.1846086206439418,0.5031404982969492,0.17743100053264071,0.7685193893831518,0.7000607742491491,0.6709508480676931,0.9333571978179918
189,0.9904225859015137,0.23007099825861077,0.08853771521828058,0.2766799985753543,0.6136956564868478,0.1686032966987927,0.21569080128139306,0.9903942070814955
190,0.5267869472646982,0.29747259454765684,0.9008957514845595,0.5273069026457478,0.6789566498522001,0.15719219101453352,0.46905254277936936,0.23106926907493486
191,0.45660684258597195,0.3524128027751492,0.19668872136336535,0.1526974377571263,0.48223835917375324,0.6529574928400189,0.2862117349886123,0.4834887040892095
192,0.5940121161782073,0.25319533274391925,0.6132795377713215,0.7622642768666867,0.7459585271178075,0.5139585422856642,0.4596768869789799,0.7151081788985458
193,0.4700803780981049,0.6027426072248668,0.4189844964638084,0.15711351063651324,0.6093294944380763,0.5266283708658034,0.2873928596013928,0.0411987193448613
194,0.4587405241090493,0.2747811710050563,0.517229234552192,0.3898158123484039,0.9763845124653521,0.12748227570221216,0.6038316755545838,0.14307960002531084
195,0.27002467494031857,0.10539064965971756,0.34693483217127463,0.8981491822432554,0.3334601643040015,0.952199189131114,0.6196697577065008,0.627741074285257
196,0.732470417033974,0.15728876081433707,0.060342846081813395,0.34030119387442137,0.9337124197113246,0.3878957220188908,0.8273449945261867,0.15537556628634175
197,0.19160971492112844,0.42414367299870204,0.3229355046318204,0.3111425208403623,0.11881786858822041,0.997451078357941,0.30913667431552394,0.3410717052315255
198,0.5788266086133778,0.18030872421637711,0.9072119625475065,0.3243923987148353,0.1958223701691436,0.6743187757372777,0.5301560779304412,0.5161008159391193
199,0.6028984552711718,0.9186139267513774,0.8850757630857875,0.9740891099870108,0.012791054429922344,0.6977107275388247,0.765248417274752,0.8882522287119722
200,0.4526338552460901,0.4942458092524604,0.24216870052462236,0.11419036776073599,0.5115803660520579,0.4154741681800964,0.7414550458351818,0.4386301722345233
201,0.9308129550810762,0.3602722952285604,0.7224336293625649,0.8752689217528851,0.8872472725073138,0.09918781522383346,0.973473829800206,0.9552502863762111
202,0.43015668050325184,0.02664029127160006,0.5292696426117743,0.3664692003674034,0.9920226305130849,0.09053629330685597,0.8841602988465479,0.9584548153670869
203,0.7645158865383367,0.36719843110660344,0.0377724249497805,0.7900653014196583,0.21201451412620043,0.7655354191180588,0.28033702041044983,0.6663374659220203
204,0.5656396841472977,0.850073041605817,0.677863759800686,0.29927005666147655,0.48737550549067177,0.2917344312752873,0.7620504307358411,0.17033988914683917
205,0.3215768918673637,0.9712000208210114,0.8107531219128636,0.8649820535824567,0.8529538710509403,0.23152807501148298,0.07892675992862308,0.5590420004269993
206,0.7897334424551413,0.23504366110018315,0.4140829951070748,0.5210497346865021,0.8183400571651315,0.46849034464580785,0.9498005542773806,0.18587463438076124
207,0.1364047159020466,0.5870083877107553,0.6094003427256756,0.8648518750810571,0.6613966060603906,0.3531591017136043,0.9165288341653876,0.2243489302932924
208,0.38992583044416007,0.06016111421840442,0.44690627916124626,0.9642323772450428,0.2150920710625055,0.08434459431936969,0.908454907446208,0.1594668529754495
209,0.05600428563404469,0.5797826820457602,0.2135165761416099,0.22814044231256192,0.43428380263646527,0.0686924573695088,0.07970989282546581,0.3591760062053079
210,0.4923731320658409,0.22964376988626833,0.5443220767937118,0.24421371537307413,0.06863097968659582,0.818099248019892,0.9681932272207083,0.8499004761011217
211,0.7384998619886919,0.39989876966874316,0.3157998431393979,0.09353866480752082,0.12374401461032081,0.023265016186140186,0.4769474459546147,0.03902297514224984
212,0.5836315330622258,0.2556898785104186,0.07292893494704267,0.856702911225859,0.9501744794872835,0.676595648511243,0.38603179920014885,0.6310844550214828
213,0.025666261075614316,0.9616788209232022,0.9255586105205504,0.5990206696732061,0.6296071913243677,0.9732063569199678,0.17206462517116328,0.58271085911602
214,0.34998920715640613,0.12375522104547076,0.3425902447002913,0.5815387071049267,0.6964372288201623,0.7564700042022566,0.8979420750292443,0.9426663255376366
215,0.07825293682044243,0.11086185413977134,0.8849396524800517,0.9050554998009817,0.9519278254494736,0.8879192131763706,0.22731848580853542,0.5195961704226761
216,0.9296773255644697,0.2181189481122393,0.36368031936012146,0.09481425792321563,0.740322795961167,0.04012691559339987,0.5158097530492189,0.3971622321476256
217,0.9475183322221555,0.201160121840664,0.9147680193362541,0.0056884573332561805,0.5277340035532401,0.567256758113928,0.6103033508127362,0.451994521044529
218,0.9835969064835186,0.4009054369380607,0.7385714187784648,0.8048252279932613,0.16244866421910875,0.23631515545303516,0.5311699578547372,0.052925591109403425
219,0.3592112218166684,0.2145143296330917,0.7997506069828898,0.6493486533466506,0.16937646982668164,0.8341528526111174,0.22681796392036413,0.15122752924851368
220,0.8866724481692605,0.37913955650309406,0.39722679031260255,0.8129427933153541,0.9958134185098464,0.1740203372739555,0.8669796749660208,0.48773997837522787
221,0.47105589922597246,0.5092839001145213,0.005123946428415627,0.008434150624164749,0.9278307273528029,0.42524421048476047,0.5578729114381599,0.3915852296154131
222,0.7971040259190683,0.7350068689034114,0.4014054292032254,0.21939878570258553,0.5173764327676315,0.9501654492433436,0.14960601907612414,0.3148873195754758
223,0.12686388053131858,0.2350313547108691,0.9678264077062434,0.18497863297579842,0.3396670565264296,0.5407616414083567,0.801635029582321,0.13230884257426578
224,0.6482998204064175,0.24314261017121042,0.8818470040340582,0.8185638535776762,0.1362474182609018,0.2224752322007404,0.5371343603209914,0.3422375053595863
225,0.9617363788223912,0.6084401675215126,0.07416951174686426,0.37450187503302956,0.9832529090544836,0.37085338595282735,0.2949810263417868,0.17584333895111925
226,0.637207482911719,0.1983668974112921,0.42061203409326253,0.1983917926220542,0.1095175948955055,0.5771171351690736,0.14285413452089868,0.8919507605608346
227,0.900570016610554,0.38318888221535685,0.8554087925982695,0.5927508113222023,0.04136542962942524,0.9392489494384828,0.8090977606397953,0.5151925948922867
228,0.9122967854258741,0.6242557667469082,0.7253295362192663,0.3470639483802861,0.5253282368421575,0.9058280981124088,0.05789826662973874,0.02331658813431925
229,0.029828473706035696,0.7031730155013759,0.7626073196350545,0.9652023944273377,0.024761834444914088,0.8272775850257511,0.6545429925728853,0.3453964184007655
230,0.38607094456959534,0.9076918151616561,0.6094392692647004,0.8286013720261934,0.6885155769360709,0.7878713399890752,0.098306922864693,0.9666072914246862
231,0.3980203470702076,0.37629180925515227,0.18985017670458615,0.04147054615072243,0.9410520966322594,0.004194593282630832,0.006198252467093268,0.5576141718720949
232,0.47965474069788383,0.8542033961095697,0.2963328389815236,0.7182154178288251,0.5336351238044542,0.5896102283363092,0.18380830970573336,0.08507222941781811
233,0.9653099956561416,0.36428409421815344,0.3483466269615405,0.2006580100560058,0.27821906317452505,0.6224172861204692,0.38504425887122296,0.5147288818874526
234,0.5646484120494543,0.5544833242053494,0.6477759927810635,0.48139023111825274,0.3201385685250474,0.6118302115104212,0.6883856656861808,0.34712589852508935
235,0.20887500645970802,0.997033383889529,0.16629073482964685,0.8698199488330037,0.23334420268293365,0.5110862285738921,0.6688950008601078,0.442268701466658
236,0.39206829317370384,0.677917216152777,0.9790643449680584,0.8067934756375136,0.591262579141503,0.8122302813149678,0.08109399964632125,0.07813281552676099
237,0.6114783960834631,0.3256773857687224,0.650057727545695,0.4093867923914969,0.9539618594557246,0.6765255243812209,0.3668210595955669,0.33839630136781906
238,0.058032616054336406,0.5974256449735204,0.3407491527433163,0.1890886535274613,0.7537468994351558,0.5410284369237459,0.6978527166293756,0.8059521024928284
239,0.7619393852650193,0.5724044689947378,0.9843018126250783,0.22560525540229015,0.7620384661967636,0.13777447604542814,0.5841787154445995,0.5546082855053436
240,0.9106981769139231,0.7582066364735625,0.09270596837561051,0.32729520392413636,0.830415149362861,0.5191323920377873,0.3607060769406011,0.5572245818976138
241,0.8889251249304615,0.7499928685227849,0.8836398326584064,0.2692640228172255,0.3235495753315706,0.1499320338059491,0.8821323384068056,0.12393449928762057
242,0.587475774799138,0.6337719373046599,0.10212798032100501,0.6524048274448454,0.45020140824848487,0.06609916451547782,0.008327585745781518,0.562864767893088
243,0.4887703390019782,0.4152479263451194,0.591815541323717,0.07286618651404264,0.7556148007962038,0.5536749014032487,0.23438593256667395,0.10719436413801808
244,0.5608361028911728,0.40424617150190556,0.7294386420552977,0.8891896595823704,0.36649735318423415,0.275708530503495,0.6627347576149061,0.43454158178277036
245,0.008140529913801875,0.7196670274170777,0.2954214041007376,0.04929440856140421,0.5873514100754094,0.05978680191045027,0.18870473898413975,0.2705902856470255
246,0.21884859026073245,0.5058144817656399,0.16704562150802682,0.4010662981770884,0.6640541703925058,0.8626577058267209,0.012758921814238988,0.16779209195290334
247,0.8389405659981357,0.3249815332491417,0.5856887665216971,0.3336362703342366,0.8981917685350351,0.30172839582575695,0.03554563552844647,0.5716944760463659
248,0.802927938043717,0.7530690434739757,0.8629699154518483,0.9509729574462964,0.9572171258988956,0.5047957228656321,0.7228170079067651,0.22909219360193567
249,0.015277696808821739,0.8726401190587125,0.9635646636863098,0.10230663157903208,0.22243309602703398,0.7409937307293232,0.8047225053012863,0.4002470637678113
250,0.46261880957216306,0.5794969390975273,0.43979569668014673,0.18275230763372619,0.8041503280192196,0.5065552593359464,0.10284102018884311,0.5036199616039758
251,0.21772898534560992,0.17564615107294201,0.1177773746999623,0.09531245354090268,0.24332653811970373,0.30799189587554765,0.9627080850787691,0.599563536271444
252,0.04528521383753337,0.9423973220779209,0.932758728093729,0.8698804463184532,0.7132338241192789,0.7639377174103451,0.16413665480050443,0.9391154339389265
253,0.047698243459916245,0.408045931856011,0.24503636337345902,0.8337942518402972,0.06781902954211017,0.03582481831935003,0.8575373378086528,0.03779663754894502
254,0.9823766927590598,0.013262720106067993,0.6731005387115299,0.8541144940177904,0.5588724008688165,0.2017958427609743,0.5896939509692346,0.7639285951216331
255,0.5155413215445184,0.4501898866975069,0.17356705477708834,0.33403600272254885,0.6333583736164662,0.11375262000762809,0.17343783903967136,0.5158051925893401
256,0.5079249691867176,0.9223482766966626,0.18691620334660308,0.9879333710539677,0.6626651418665304,0.9561791598732812,0.40291694636896946,0.2279890646397017
257,0.9535651541389174,0.4868190305992376,0.7483017492932404,0.33553771276750544,0.9456988406837264,0.7621829409868459,0.7971281826771043,0.9826882311709713
258,0.6789176714847905,0.15189190982990752,0.2078264872359148,0.11088225226602766,0.8163039854068548,0.5188230565394089,0.9804929116938593,0.5781570554756776
259,0.9053137765916155,0.08886758867013445,0.3733862936165284,0.28816471595824056,0.08542602599737092,0.2728025651995931,0.9872418892748807,0.703381136871538
260,0.2832243803391974,0.09262541116063516,0.6331405355338253,0.7312211880462298,0.17457996706095336,0.29299499178424837,0.30254580521689733,0.9663862995230398
261,0.4956775110462255,0.17036307834500175,0.6351125115106171,0.1257751696293189,0.6779348244956602,0.8299798042721621,0.06287304801765803,0.32853943733922053
262,0.9842989749076894,0.3361415108714155,0.59378708981078,0.9076482558898205,0.773829867621692,0.7062137848242338,0.7283055043731314,0.8868007250526463
263,0.057867235044223975,0.39561368992404056,0.12659999159528423,0.7113583975856952,0.1407833492711994,0.7368457721780811,0.4225750293853907,0.3810120632569999
264,0.28125636371614426,0.40561378514382684,0.3666772440607271,0.7381120979824058,0.11014445484320246,0.46648558863850875,0.2386529032840371,0.0039780349787197355
265,0.9405153218098032,0.992012344064876,0.39471082461372364,0.8264351835360182,0.06705382858599784,0.14939306223086057,0.10622382388517615,0.4098738720017391
266,0.564723947181904,0.34672322921994836,0.9830971024298597,0.9177499174734194,0.5779149259792429,0.10978070191881484,0.47519729393932597,0.7784741404789305
267,0.2179960520233667,0.8554227141938395,0.04761401729750059,0.00363982748528191,0.7365715513157852,0.3260070148938419,0.6318547753991303,0.8343013201356035
268,0.530347416246484,0.15880745065661284,0.9716593170074909,0.549103369624793,0.5688650401433588,0.24213753279462247,0.25134741961585494,0.3474690865233131
269,0.3074426912166416,0.8457961167948655,0.3728631641028495,0.2677898256979061,0.36252793951530493,0.10124706555009833,0.35262488809289994,0.33202623595981173
270,0.646714577202661,0.713140275718143,0.7135262089806138,0.7079134813621928,0.5996866200138073,0.6117576436638611,0.8183303788275514,0.6108513041561553
271,0.7303763335530611,0.7811029852169666,0.4760341661191494,0.12112910370260577,0.8062644413600908,0.2215445772987661,0.5015999002754541,0.7083886652708619
272,0.8542776221215724,0.21127911159920543,0.972755609083095,0.46571399583768547,0.03605341033275378,0.575710775585045,0.331480172622305,0.34507830351888713
273,0.6463410301039344,0.26540951405740254,0.5542394606921638,0.6577184094469493,0.24240816392572728,0.8820872072980059,0.37964059259606375,0.12963667445656268
274,0.03998001324629741,0.8447249999401233,0.4629106901747818,0.6494358722241814,0.4709966298651025,0.48745285612919365,0.5672050467765429,0.7236747015479903
275,0.5620206997983531,0.0884824412377423,0.8587547710042478,0.25164073658895414,0.9400469573381933,0.8499497615035041,0.6811458349351448,0.7963723671635534
276,0.42046257456404845,0.6030409210459691,0.39543531198086457,0.0915005274345897,0.8422048793303691,0.5150006883004827,0.9097549142201039,0.2608718324288051
277,0.450427186124706,0.569561809678544,0.5792250786160544,0.3474300555788955,0.06886270155976149,0.7927305622224388,0.4976629055570144,0.5199116360663903
278,0.4660847477051955,0.5315321889884359,0.4693013693508009,0.9416503270230538,0.1481304993997915,0.6722778775452579,0.6885100916311904,0.8421392735531811
279,0.5551640874019022,0.24967679934603892,0.6980873128662148,0.02832394347381706,0.32581651625037245,0.48179015893903765,0.1049146198735823,0.9639890707218364
280,0.8762034223699385,0.5450991520604754,0.9745689740740673,0.6147827784583503,0.11758447614168177,0.1915993911383822,0.8412584446214932,0.02388558380791872
281,0.42502872650793777,0.9756425894493858,0.5522339915953078,0.9215960509138361,0.8743477440740558,0.15431807348586024,0.24218218365962696,0.9122625309386136
282,0.012188608451058847,0.3509163842675731,0.5882049380076844,0.40324917271554594,0.08259109810487619,0.9394631762937004,0.7469009171968194,0.6250338692852555
283,0.3715834906204315,0.7630769133525312,0.5223890077586479,0.36191766368534195,0.558019008871777,0.7524408039354527,0.15769085968172203,0.9969662055123582
284,0.20197310010999492,0.6146639364133492,0.08465974934492204,0.9174334764906095,0.734431456161189,0.5692138769182187,0.45860030561930787,0.6092751523675516
285,0.2991885126746868,0.5613255286173156,0.9478291862663225,0.7851500218164529,0.679277547995214,0.9482164352494876,0.15370469939522535,0.6073994708514976
286,0.501851366563902,0.6479385982484852,0.8993351154580546,0.8804147227578379,0.8823998604033553,0.5875103558712411,0.7331971533842732,0.34935356278293994
287,0.15467520375837518,0.36363468578233094,0.04011003638057731,0.9583312974117651,0.5603348173269728,0.051663555172659414,0.5735502737247987,0.8257944640549527
288,0.8917958756447119,0.7584498334183067,0.4010862960637107,0.38711352737800586,0.1507522542766987,0.8724291073372076,0.4034949299367294,0.8304965194501456
289,0.8103161192003071,0.74145653850166,0.5433434726337274,0.6252689878282637,0.41528724948895546,0.09097698021183676,0.6706219936839904,0.47675198277153785
290,0.14333117792372363,0.5871940447944436,0.8383666177963672,0.40082614927753235,0.36934825020959394,0.8084489901621624,0.3973842029649176,0.03519822954137186
291,0.3221610457506361,0.36300045504312883,0.6304712939376529,0.17098388517014684,0.1684827222583899,0.1684761195353246,0.6646901725373902,0.7633812244644027
292,0.6603354645675193,0.9382927368048699,0.17750755214419922,0.42802476323667016,0.6892605834730016,0.377275582552412,0.4062839553689608,0.160120215504575
293,0.7641739483564783,0.3746185465318862,0.520492101714101,0.19323437432221147,0.20684917147791104,0.7546818472493192,0.17401802918180664,0.4578390186789033
294,0.06445905955957631,0.1717261812485389,0.11644762137685383,0.894047985862771,0.7843949286718148,0.9613545825530503,0.7271367895060314,0.6009071525422987
295,0.9802228553323369,0.5129261824719821,0.6328263785854005,0.45226894897678727,0.40497045351708005,0.3893525639574499,0.5449651881186005,0.6855467061439504
296,0.9696104878337658,0.6001607916478817,0.3392854877303195,0.23250784859756024,0.6145346831030147,0.619893153493735,0.2553990340763904,0.7101043922048689
297,0.12222662091685832,0.23748779366292305,0.7970995137952409,0.979178875098792,0.2471753780771685,0.3039137110838447,0.7660883430836348,0.7168452511356637
298,0.37400218289273957,0.29725158685469344,0.33379227400526645,0.008075823307997942,0.7506179725058812,0.10479139543076055,0.8601368340986942,0.2617480766149951
299,0.10286482361427762,0.5639439398163985,0.262036306215916,0.20259885371678343,0.6280196716071812,0.4233301286407444,0.4765424345978072,0.4506067178547478
300,0.4292514551167168,0.1914029213534626,0.9054986650442557,0.9596381429380404,0.2013775071097227,0.5788230828500275,0.7394544384943216,0.846224036635393
301,0.29612983943344673,0.37708502031091407,0.07857076335347102,0.8158577511753614,0.08821086464011008,0.8629612162074188,0.6800389284336354,0.6750548739035908
302,0.641258426402405,0.6974102358905759,0.7018429670772514,0.1589160308438906,0.40558719521690356,0.993570225496769,0.1285540342985485,0.5322889275161681
303,0.4931646688522615,0.9160945883990554,0.7529098986417408,0.0664400705286129,0.9295454780429511,0.35722800832540647,0.3605275666380776,0.21757306984616742
304,0.6301689996347251,0.2704426569389262,0.7447910919810723,0.6355074968882062,0.5972151100689715,0.3877354891143244,0.7161615213570759,0.18850223615043926
305,0.9135190746952186,0.4079095412461028,0.47537620925591983,0.4659776842852259,0.25484642622195164,0.7588478333399746,0.7875847850247197,0.11875878998884892
306,0.6702528331046587,0.870509616942629,0.6197230639708823,0.022349882794430953,0.8242134192865486,0.6273696645665462,0.31755243564494784,0.18058789509796702
307,0.8427228171982184,0.8384271764757292,0.7056507229312992,0.10881626071351413,0.19768532989421883,0.7444124085858894,0.2977724127494784,0.5794162846097562
308,0.531915841016828,0.8384484166770542,0.9444579180986047,0.010099129735521073,0.8831087304270919,0.6926143905083691,0.21742997226606764,0.5464790105456382
309,0.12830491479431938,0.029011564180697058,0.0658641419780931,0.23905969102589608,0.08722579960231036,0.33028558328654567,0.85014107777423,0.43987694157936874
310,0.35203382411634676,0.5078586321123041,0.969672153553475,0.054852533022607286,0.8311188243757551,0.7632332289499669,0.37117863892616754,0.8491231190822518
311,0.21971129190573457,0.10393631838276407,0.8639449125828533,0.8964270979947311,0.037288687228917095,0.2036893643324118,0.6807415061682083,0.062443558340434135
312,0.8463444406179423,0.4761857835534553,0.032814111250088374,0.3142659040630639,0.8024969066176607,0.07909809194500217,0.9872575707482237,0.8312878807785989
313,0.9769667164227108,0.36433063884336714,0.5201799947607373,0.3438280594293095,0.8365167003135581,0.8527032580734947,0.3571329009406544,0.6308758689628643
314,0.19210112666102974,0.6766606317167901,0.14378285142696756,0.00962596063728327,0.9928337661408468,0.1380924886408348,0.16528351279446774,0.8456126183206358
315,0.9094993306567584,0.0556966990901242,0.6557674761252626,0.6397683963447868,0.3860102681482832,0.8827690827498689,0.6652677188821564,0.28414067303305135
316,0.8179791501790291,0.7256114397403992,0.8623135602610715,0.17755402922518781,0.9784657459273401,0.9582620440330321,0.38170225930230917,0.22078951503385713
317,0.9513300726250574,0.5789109040635066,0.366090072860492,0.8514869332048322,0.689804978087858,0.019089213077595035,0.301454578920458,0.0061710135870269855
318,0.3105467643382164,0.43625985651128607,0.6651075742517948,0.9476964869626251,0.2054939371129636,0.3988692836000307,0.01366605260488507,0.8572275883216427
319,0.08929631934344462,0.5526365595556216,0.3668683123721863,0.004882738200545966,0.18100291234079535,0.062247188184788804,0.8953890396814193,0.9279696747512179
320,0.1881441961358984,0.4418342668884141,0.8803085134919326,0.061500792305304586,0.24520324525540693,0.6791865371277706,0.615488021582438,0.4054646565020402
321,0.18955349485005035,0.16701844113937647,0.7831052169673088,0.34692608964480265,0.6317831050436193,0.0016767587889788826,0.7689692986046941,0.19663112112456516
322,0.07819370892106148,0.8952531468303377,0.1965233550204485,0.46113586895261194,0.7353164009038783,0.3041638692188732,0.9702692393614994,0.08634874027941253
323,0.8322238866025576,0.3401168152905736,0.8729086735367588,0.1986463717439919,0.7052989970155971,0.9074182563517299,0.9886983252654041,0.6563274779420685
324,0.8961171454591008,0.27219959709936714,0.2591944222266933,0.16219506473243217,0.5367541724563827,0.0987166948087641,0.10100935816661472,0.9245991655061654
325,0.7534674252071086,0.31796544756508105,0.7278313175969201,0.456283971896876,0.15133002609205748,0.9200716239506432,0.9607927217323896,0.5348382833068803
326,0.8702354322679461,0.3653963002570543,0.5420189507789019,0.19623351180770865,0.6353163588427263,0.7662646218971398,0.18392883670908466,0.37913297507169863
327,0.2440622250183464,0.20049467174563285,0.23130573748054828,0.8171729815209765,0.16497012872743544,0.8599080209342713,0.3848975984597449,0.7911360760690347
328,0.17378093956706042,0.154108170298506,0.8964866332499395,0.5276908631700088,0.3579323012153973,0.2883352462376444,0.8911986374014562,0.9357303693129913
329,0.629729818630514,0.7975730993597673,0.7035669081577625,0.8640250345267414,0.6639733927999526,0.5822724417327749,0.6273522186534572,0.2737771354305497
330,0.7816992574201216,0.4865145569044892,0.7918148388226809,0.9777376449164616,0.5951561738847481,0.47952189241858667,0.20181331017462278,0.23259730572951687
331,0.09319430274239571,0.9666632134057366,0.19769788762095253,0.6759543601497107,0.18276815385692857,0.3290664292715516,0.7387129077457597,0.9612001101536202
332,0.6130890266236351,0.4011167531649621,0.052250587326691966,0.45830100474126334,0.10673917790606335,0.545646415000092,0.6787986358663683,0.7320240132398619
333,0.03870144993438929,0.5326867884914054,0.6039175565260664,0.850262904752444,0.4643389153239327,0.19427139894026169,0.5284011479171189,0.7680645797723709
334,0.3076280265686945,0.7155965324298423,0.7036334454321309,0.3153399096807624,0.6827037770893984,0.278026563572088,0.46014600918419246,0.22932304732008313
335,0.9925549122810053,0.5061081059448286,0.43308111707603625,0.24158236847889503,0.4350552005546101,0.7759307199822219,0.6738821169635829,0.020660263598119344
336,0.5102463077621242,0.18720710257233197,0.046626044112206944,0.09439162513690214,0.28545410382840186,0.9892694906188098,0.7044629203472818,0.22497821037179644
337,0.8450082903547106,0.5585341899840423,0.7368519703385206,0.8635160164059973,0.7288768197717207,0.028484759661564052,0.5130849689533448,0.7646031638069503
338,0.3030525397802093,0.15449016553750294,0.035480637318213826,0.4587968858588801,0.9140047811718064,0.8685687051599121,0.897200876482897,0.7853287923840753
339,0.7757336978734639,0.7715541317509204,0.07444203700459118,0.256651838317701,0.24936877826305315,0.336415941194977,0.21133070751485394,0.9065926456526282
340,0.6809314830601056,0.09206344435082459,0.6542373850611787,0.046044036589677595,0.03899146956799815,0.7888635506239493,0.4386475078017774,0.23625298186233512
341,0.8576751481943643,0.5288022045566034,0.8603656182033419,0.4394390033889275,0.45580924835780323,0.07650409320978335,0.8037092893893887,0.7129745390651709
342,0.13059146843446567,0.031202566290759237,0.955072909498562,0.7047187072408169,0.14351242865376235,0.6976025803164786,0.2813631764829033,0.47059675574502724
343,0.928097971025351,0.00633132018158733,0.1659531952493083,0.01571020674186696,0.7963850018746917,0.8354519741216676,0.14251700434388104,0.5263153372595869
344,0.6574641297651213,0.3234377054191997,0.5256792769830868,0.021014419673889062,0.7906192631991418,0.020191808814685408,0.8713920709934362,0.579464494522518
345,0.6003127622123587,0.7359853730047898,0.06542217198013289,0.5312718603344986,0.6369823341263955,0.9461887899612986,0.707727767136871,0.2048808468243365
346,0.36142685141698394,0.9543405639982382,0.985940500927039,0.740971557323038,0.6344413645027598,0.21568841521268478,0.42676535287268025,0.6365859449820472
347,0.730606039473609,0.4578012224705683,0.23958980200037017,0.12580852154648114,0.4321093783396385,0.4031024014429134,0.04788014841721455,0.4028044113950102
348,0.45089314572753003,0.8563965099329748,0.0714943222406419,0.49935038925364317,0.7089485223742072,0.34976291389376135,0.8776035245326167,0.046838423955904984
349,0.11500992513050434,0.9908142830279831,0.07335791161089633,0.8724395498479789,0.2749162102753806,0.9231664089184605,0.7188566050443946,0.28069764494448923
350,0.030047959743451758,0.4010497584616268,0.5806940721236012,0.13938763625975104,0.5423427742576988,0.4880404220051826,0.24438988685905416,0.04059893827800021
351,0.9275774601860713,0.9686038225064952,0.7154546388046615,0.7743494680731025,0.4290729304049792,0.2732863929300978,0.44114758409680255,0.21832315958626813
352,0.32943414546998917,0.2732683452452256,0.2869069407167232,0.7819432733187316,0.020853719942376392,0.13813545588507337,0.3404311530593779,0.032800726187035334
353,0.332466464621309,0.9721431472910387,0.07684815514970877,0.42007760654190895,0.9053845504635412,0.2699606396012335,0.018159187838812874,0.18189398078272923
354,0.3929228891113782,0.5090192849293211,0.9068650529333955,0.8517505738693063,0.30335238694063305,0.20509794871972575,0.8439131873664096,0.5072252662512982
355,0.6862886491944987,0.798749328152272,0.7604700705109297,0.7318574080539778,0.42063938938015333,0.8672106326616724,0.6847425072398429,0.22870460557307493
356,0.028774319135294046,0.3997152682775488,0.19092551224621868,0.928388785736548,0.42129092125628775,0.8024702384795395,0.760707030759112,0.10705556605249666
357,0.309286268581938,0.8928251975041341,0.2166021989563791,0.37465634922363455,0.8991646631030851,0.9766884238671183,0.11593467821404302,0.4511558601108374
358,0.9997960825300138,0.9581938486895433,0.09177468789461052,0.8178819892265687,0.7706329647713756,0.29181569265744534,0.6167801284125447,0.788708819438746
359,0.17560362831114817,0.7259198156300676,0.7468902579262618,0.1862719086056316,0.8099625036182925,0.3085691604327676,0.8747568695985943,0.24088337320992115
360,0.5421330938423785,0.6741779301305284,0.941431458809677,0.30602131505230146,0.09018969833835355,0.15857603800435838,0.9711391063926054,0.5554801145845705
361,0.00819798045924447,0.12215106697549072,0.19082614976700807,0.7630720063966332,0.09696488032390316,0.7402616079384118,0.8223538038402922,0.18897011124688645
362,0.7423632646400689,0.7967770103809795,0.12752848674398387,0.2904680573685182,0.7532388263301669,0.6473195938443604,0.9268568643671108,0.6681226743188243
363,0.7884537318331064,0.8425966303742451,0.250706732867075,0.96939980339803,0.6039173603397822,0.23448559716105188,0.7835885438133747,0.4653554221608881
364,0.09771462066508219,0.1880814900196225,0.6149770771131726,0.3606310609841261,0.11867987832180005,0.13150076463504734,0.01152183491693115,0.9214152753216568
365,0.8712164973103096,0.31729033535735396,0.19231003288875037,0.2864458727321716,0.8485057536527315,0.7208942072891579,0.6632114933069142,0.41702493499792903
366,0.14860781536470546,0.9106239792407212,0.8114652627006383,0.6933407726127462,0.664356077257054,0.36137133710179425,0.8220639236876811,0.9380205208420438
367,0.7849046066220466,0.6874709162193129,0.4993835405597441,0.01047310936513024,0.9363689378521742,0.08244422441168797,0.5180828789393237,0.8177464264154798
368,0.3305363259845576,0.29600232058509435,0.3874880360901023,0.3164078835403774,0.09772636586537109,0.12549212322788394,0.5287254026903583,0.4599995408895442
369,0.172143952445881,0.20485762951190156,0.1655833122455297,0.23705026457813438,0.1092332029698827,0.049645039953440495,0.15728312628864316,0.22381657672862543
370,0.7487803001167779,0.5666677923347739,0.9490996745453889,0.5046900676225226,0.29136176611640174,0.03160929661783507,0.370692109804618,0.5745113328754565
371,0.14786039614064583,0.41721050589849606,0.7193418943678568,0.39785377032826985,0.5126216771090422,0.8806421879485619,0.48202044960105217,0.47194292592585974
372,0.8836627569643969,0.3237152868617754,0.20168567256481018,0.1748380372617293,0.9928888917296631,0.11650407103624838,0.19683050524446344,0.7224758579022889
373,0.6688759904352212,0.21878542951703073,0.931533663801421,0.5025911823070843,0.6580994926203201,0.840317669531396,0.04283031949931704,0.9230969611325496
374,0.4418158460582402,0.6411654694197616,0.15747371571422653,0.20842573123677366,0.2170038793045569,0.9026218099119492,0.7930960654383212,0.6830123043750229
375,0.5579296415793764,0.03615625650560039,0.8341602871553566,0.010805604832661464,0.4274703963204666,0.09753602835313346,0.5117469682669438,0.424096427225525
376,0.17775455640626592,0.8436770106770631,0.18313963665430155,0.27157501447911525,0.9744976989048784,0.21397536687268215,0.5476527671440675,0.881275013345091
377,0.16277544504313957,0.8384321527344887,0.09065504243778322,0.8802646446416464,0.28457246824729576,0.08960540070283807,0.05572768067752798,0.9568025548246196
378,0.29215596425668,0.011748898709747713,0.42137893229218537,0.9390386480708256,0.503622223065093,0.3575838466656802,0.41487742093275193,0.5471948670595214
379,0.4656117432466712,0.8710202419722213,0.36245644803261423,0.018213702738913762,0.6027475473755588,0.1201615519375705,0.5934312025054989,0.4393857658464222
380,0.5684147221497405,0.7663734792075305,0.1823026845420762,0.25899036009212484,0.5300290825046692,0.24665183034805171,0.8845620460876311,0.5800900315686537
381,0.7836173214186613,0.5303062557977901,0.8905158291594121,0.7710037946615975,0.030431763308929716,0.8704115771416239,0.15302066629820177,0.8925772609593078
382,0.12980840166288177,0.2611220872804362,0.5068340219448682,0.41177140928983846,0.31217290466728664,0.37335201701274556,0.34455198910785667,0.3742717654820109
383,0.6966339465768643,0.6412220585543226,0.45189257087227386,0.3089224807385431,0.4120006025178401,0.24019651042940404,0.9769627604917835,0.8455177488629664
384,0.8643637678959549,0.5301375235628005,0.0023422527732065435,0.2602331330290637,0.5098958074293791,0.3065866327768131,0.40490844961235317,0.05254151125437578
385,0.08961993919753353,0.342948769814052,0.2829130849038902,0.7259938871988938,0.7826614420688159,0.14979609460597676,0.18523846062534788,0.5285574106007628
386,0.4681823938555848,0.44982310887443233,0.7014905105922107,0.41607459041218353,0.49385619776334977,0.5678997696542075,0.38971435873911486,0.951516678349545
387,0.9154677300811902,0.29222712881444324,0.421172608745799,0.4930196795873317,0.29425339661503835,0.5320376468486177,0.8286408963082373,0.12348003797080986
388,0.9929279132430955,0.6788604535984973,0.7424104401541107,0.28822093906920276,0.2090041882931395,0.3184619762504104,0.6785292466266544,0.5752473201613204
389,0.23042473073939174,0.621826279934164,0.9050864751046578,0.25439268367625434,0.07480952744185443,0.6460154490103426,0.07555118244157144,0.8130723396494923
390,0.8627669391543759,0.009365496187744626,0.5369807525489172,0.43875825927523926,0.688716642605604,0.32954593261310927,0.8012150683933118,0.9230957218257961
391,0.8604485345950678,0.07208627515721355,0.8978847397650869,0.007049699954069233,0.3449199618622355,0.6713327441042526,0.5531366733375354,0.7762090286133344
392,0.17761382421251415,0.8735912594166406,0.08947660255458167,0.21388388936219616,0.099313544387304,0.7274346274314484,0.5989104690651839,0.4868003204049143
393,0.061481954101231806,0.23965885493355643,0.9557677922063446,0.6127911881287604,0.959542397506835,0.2062417048957309,0.9052769966501139,0.3029976108331449
394,0.7191414888561316,0.9437000065959653,0.4945899761546392,0.3717206286873458,0.42045929407393756,0.056191938027256416,0.8123575022007576,0.9200085587061684
395,0.2944827722011327,0.8993916365009252,0.6150099779397803,0.34889566369156955,0.1457208131543446,0.1825574260320303,0.05642372889137093,0.504484731469307
396,0.31900402409212003,0.14496991115724045,0.01977049801986286,0.37697736178471986,0.44840009909636924,0.30922379770405306,0.14364632853527304,0.6134253305172452
397,0.22751222574012575,0.3196318025453665,0.06408632757830701,0.7393810161587564,0.9815734121163587,0.4340585177436104,0.27154664219936486,0.8062260315531072
398,0.9805475918345133,0.30515308594979385,0.8531855710602596,0.6119300185982486,0.7520136036845725,0.9476488852567161,0.28345975680789415,0.8711499488244613
399,0.5150647010784001,0.8600874876182939,0.7373731715398566,0.8424587720072804,0.23698700573248743,0.3865719703538957,0.2804211695972879,0.7058647124092645
400,0.6349694752267021,0.5069283512710177,0.48976705319154434,0.04520780638748079,0.8012788696679098,0.5252936181341105,0.407239286021424,0.9069451120290042
401,0.4454505363165162,0.5866298850107948,0.32495934495829426,0.14145753673723183,0.2673098104391317,0.6773373229244656,0.42686338915662014,0.5431941689133731
402,0.5151130731627087,0.12337913414980661,0.272381662327126,0.7595790848786769,0.4943940488062263,0.7734629381192369,0.3922133975741161,0.6141879750218434
403,0.9642515762969671,0.21850510042926574,0.6611356358504374,0.9559594325318741,0.24497830093379847,0.2582105371183152,0.21549219549591003,0.45110450413315784
404,0.6581730015610038,0.33113573047467404,0.6652288992698566,0.8805803981541367,0.09211658041757931,0.9115929121755273,0.20581234254760472,0.3870799164432259
405,0.8236088643875358,0.024394635104200257,0.4416708354432277,0.4059255306411562,0.5384653192694502,0.8495366287437257,0.7861888913649157,0.4662670087598554
406,0.7780139356382494,0.1698592440052229,0.3453232038283558,0.40166696739501784,0.8460779507264388,0.32267542728328225,0.9427121606489406,0.5673488228817668
407,0.7883190596415418,0.3473597538415174,0.1910548287278142,0.32474691776195563,0.428099934551709,0.23171872003209404,0.18910129391339126,0.3537488064902905
408,0.49106184730747926,0.8379762563963079,0.21395223063155688,0.4831589585944115,0.12476363819245362,0.3080502802706395,0.2727617820961269,0.40404413270769524
409,0.9664945420923321,0.1906515418366933,0.9146594071544244,0.26591029610943784,0.9744612120194537,0.2488049218477768,0.2683667471402853,0.003092164790006846
410,0.7334047184058557,0.04814325911280293,0.5398961823048195,0.25518940246549393,0.8575951468811327,0.5259167632243846,0.14814328947520583,0.38805550966127267
411,0.47244085079268117,0.2938690758872826,0.5724297803544025,0.27687200422869707,0.8811200077141527,0.9900754633489884,0.5942160438007805,0.4511786715698318
412,0.9666358682128433,0.014966716348179143,0.7205862872463501,0.8356173153323871,0.02955286867958762,0.5956261022164383,0.3441630221551567,0.5310060220022015
413,0.575733920309844,0.5610835168501243,0.5859369426024016,0.49734070339012604,0.017767494479178025,0.1805466943098578,0.5497101591802116,0.18208799655540564
414,0.3752014396369626,0.03106149092303656,0.4124060742164677,0.8594868953861262,0.5251511033254443,0.760361728175886,0.8366467950707211,0.7069537540494085
415,0.5264763665077373,0.6222939187578136,0.7388613769143079,0.20050585453111158,0.6487610731818784,0.4139865557291784,0.94453046643833,0.9684399525582432
416,0.9151210976851514,0.6945727609550212,0.4485744553738037,0.989349966914732,0.0800446824773694,0.5187563206364628,0.033345700277895185,0.3224811477305344
417,0.7050958171623735,0.1850521025004459,0.7037370633523432,0.10763929746765855,0.3494816203930394,0.8394444063766651,0.05906995930537429,0.07168986637225672
418,0.04637065206856783,0.18905345772479965,0.6456215129871528,0.5210963181964436,0.37652414024585934,0.26894667050537746,0.7037583590544565,0.972137582566674
419,0.2728596981939002,0.17182887647507672,0.7084123811838839,0.9183563881536024,0.522326557800295,0.002331940941000643,0.01219178497305462,0.17513221544588453
420,0.8847737345463187,0.8525493678993733,0.8184240916661508,0.17783137314490505,0.15598729127671596,0.714856224049501,0.8004902250241681,0.5802272155461118
421,0.7663499795727362,0.4244798190446626,0.6078359678023345,0.3345817583769727,0.3675500250505762,0.23391321753935024,0.2351367167027092,0.8741826720097918
422,0.35231777441909795,0.33502428242423354,0.8592185495825261,0.9149423533269443,0.8929103311314766,0.04277586277258005,0.844842319782858,0.4337179471605026
423,0.8307360176693499,0.19201942540612638,0.10717511477623398,0.3405709952782353,0.8375212412149741,0.4653285658492011,0.3149324069473447,0.42802304504242616
424,0.6109668196214775,0.5834163562726261,0.5639031602987306,0.044068836131719524,0.388784437521561,0.17103421134011654,0.5983299270269982,0.8111508526140782
425,0.5971601860370667,0.8886274272842786,0.568597445923811,0.8943055208682006,0.09662755497875763,0.3833316840582929,0.19791380090796062,0.16735426990591684
426,0.586054801895391,0.25889771859887445,0.39847899971614875,0.7348304782870354,0.4531714808295998,0.8709330203980706,0.6536496512646774,0.02542890330686176
427,0.014361955304394769,0.5665831734704063,0.6748542080044583,0.37629393287796975,0.840333493620902,0.31262815548491274,0.8962150453093015,0.6384625381090181
428,0.549566182636379,0.6285150723726808,0.18600113377035288,0.6275467184215502,0.7833490315680964,0.4804156664346293,0.696528448260117,0.20041027479211093
429,0.7288880740275075,0.1988299680744844,0.5317456791741006,0.23486705903094474,0.2556013914127968,0.3217973396638837,0.3795946366113284,0.2759365780106281
430,0.6105311861156313,0.11530720639314773,0.6730094766016078,0.4860228827089439,0.23102896672502526,0.8688123508541028,0.920104263218978,0.8198822528910938
431,0.7326039528492311,0.5274450168421603,0.9665702425928363,0.8189382607770698,0.32183384762243494,0.9766146280166735,0.048814386596174875,0.3082818862208151
432,0.15575950721529375,0.880685299829917,0.8879927238496675,0.09658201032724445,0.18978292636716265,0.7926271131899354,0.21790193457859364,0.3060078912608719
433,0.6930891464788836,0.19118507916769079,0.048174621007042395,0.047736616096331286,0.513183299369037,0.22055919208088248,0.9001775115123146,0.22146679658917645
434,0.9687387243093563,0.9576301233430534,0.42851577993140744,0.7186259845256202,0.351368169472436,0.7398962606389231,0.31767352470190535,0.14277485153858427
435,0.78091290468849,0.034544608394125764,0.7218056188275672,0.8946790964141077,0.36613227374200896,0.8277468909800254,0.6603599460426938,0.826022291530573
436,0.9371075589820507,0.16548624932708145,0.4786968556985777,0.9255732494325607,0.44791672163265706,0.17861695974630487,0.9954605708862402,0.8525504332651763
437,0.3435758118724026,0.7450562811736741,0.6640764682937226,0.10425074388911593,0.5413621779155127,0.15880498243326424,0.47849702260060434,0.3345252756543745
438,0.9441295818486821,0.4838000441211563,0.11466442574929536,0.4406991609731614,0.706049697788032,0.3531210537633084,0.6680769438782322,0.7487009969871141
439,0.11571636111462957,0.5227731634372658,0.2607137518322038,0.4744351598141544,0.8599780328835813,0.49494581494748346,0.6391240872496896,0.4561356484099074
440,0.7875657476235248,0.6138114501591907,0.03650491890179286,0.24187112147442846,0.3180571191885113,0.27566737651915363,0.5386853972893808,0.5243863859609414
441,0.5202550429274747,0.009004241843661664,0.060341292037781935,0.6890997035638351,0.9665141055494963,0.4366928148646957,0.9436212064204774,0.023553724546409582
442,0.02128686842677563,0.7618273416088783,0.5483169490463222,0.49439033793689,0.33756136274764725,0.37947037131852757,0.05465400592638858,0.7203759470383719
443,0.371556867157274,0.6675971646219948,0.8629963689402462,0.4738798432255057,0.5506832390093942,0.18737010293177803,0.5540081514527817,0.34712675413430816
444,0.331847559715837,0.4334036178861401,0.9888123831895053,0.3912092797610447,0.002159945891295756,0.4447895467612403,0.42331530211898216,0.32941432759800515
445,0.17740688330417953,0.40050061966975004,0.7880535700719952,0.8211064321072223,0.3156476398915923,0.1914740021391046,0.29551743211196824,0.7667593449548527
446,0.7012394201521502,0.7197880263053519,0.5754964468066252,0.7618934324915898,0.4878510631278892,0.7414599306610693,0.40454626744816513,0.4480569230139697
447,0.7041966575972964,0.8638038032486572,0.7260823752030126,0.045479888129188906,0.863040036091441,0.4606328903839888,0.7242194726876386,0.0482486000799931
448,0.5023330974986063,0.46598924204600867,0.18096451794577595,0.6703485367407933,0.07262406587708647,0.167387754117155,0.5784488052048796,0.1104630643122324
449,0.6947495988363656,0.03884050021910268,0.609129874072284,0.3848939925937518,0.5631213884691293,0.26950678250518245,0.07902733093448633,0.06919788089085233
450,0.7182206917257894,0.7380315860853172,0.7575399410376098,0.8886480062413615,0.504593224099123,0.18976727437254393,0.28005611762852134,0.036452435981496945
451,0.5212581287157182,0.9197449666741201,0.8477882435719252,0.6438998888542179,0.416453791171546,0.9849968735321318,0.9855426538564594,0.3741424691817641
452,0.3418087753023191,0.4847629813305152,0.7786675025895439,0.7454860062015022,0.0970564548789512,0.6778476626500247,0.9775213535359945,0.9015287433057776
453,0.605502980128439,0.5362561456413043,0.9018142482400329,0.47668723882030495,0.9206516230373192,0.3662004196153591,0.8466316629714329,0.12164843414691318
454,0.5163533855213934,0.4622869709780405,0.6384144752277525,0.036216400390199355,0.23898808596251409,0.2046744859054549,0.7635462999372395,0.8421294120631948
455,0.6604645946337577,0.17407070851156226,0.18615064998327735,0.6525455915942862,0.6535047432256795,0.46027897776865545,0.6127650426812724,0.2372633335754607
456,0.28992190502011383,0.26449040428353054,0.029813131808226312,0.6141706268677714,0.058884617470085665,0.021252112194596218,0.4924652257360391,0.4901450096685618
457,0.40577487234457466,0.14867614452019773,0.45035063877493897,0.44005019792635847,0.2707211182283322,0.6385333594249432,0.975897002575098,0.34239042809055953
458,0.0068524860078093,0.607641368787814,0.5093154216916077,0.4933245704377842,0.8169344953382339,0.45965984758833933,0.6951435705961159,0.04498279665473526
459,0.42196462014145586,0.9334734568934919,0.6374231807521918,0.6442907986288273,0.22200812758700395,0.18505513130387097,0.2486211222840914,0.4938035841134708
460,0.41504517998770574,0.05208494921415174,0.4411535691638384,0.8723117401900652,0.7197896946824233,0.28148261123827856,0.908015454906304,0.4325256212586638
461,0.3824673105602493,0.968774700129706,0.7397097362536903,0.2660258105915596,0.7200638923184532,0.5741213946357644,0.757899422357021,0.3682695463804544
462,0.31000290434283984,0.3793765636261196,0.20283325172216193,0.3546944063880303,0.8190377282366034,0.3121324461571481,0.04011912426112263,0.8291278725641532
463,0.8339703378454133,0.15083227413791245,0.8575239426411813,0.8089159868412052,0.014998461136733532,0.3325633620975583,0.47210531460332195,0.11644621790084109
464,0.7233671700137808,0.550105406100361,0.08127500767279927,0.5185559419646655,0.3869504763515965,0.9300398769377018,0.2995388431093432,0.07499524391492063
465,0.677165912107328,0.857462513798053,0.588123947357822,0.5553575344279204,0.7627097002337154,0.8052644715557721,0.3441344986683643,0.5041975498181094
466,0.8804163029562815,0.3513141913452892,0.0955446783548134,0.22213911963971855,0.23038775619440355,0.6957710207254294,0.6356103284677789,0.5143916546014968
467,0.3757889504402139,0.1377031749452582,0.8211506722383657,0.6169678994282267,0.9904967018878874,0.0905941541070644,0.48912241848910587,0.4156146156141344
468,0.7380453045362283,0.8786969413992652,0.9855291670907333,0.9981129515327625,0.13306534390726932,0.7885722806887255,0.8480825984011359,0.6998410809204717
469,0.055697589399792635,0.5593479869990209,0.5232335002216029,0.23707536221706305,0.8782420248184488,0.49454523364415637,0.9517438107199433,0.836294344951644
470,0.6931278396186236,0.3540636419215867,0.9388529989912902,0.19812620349406407,0.7664461727744071,0.2696234289550732,0.8010234663287569,0.019258631774913826
471,0.41613758783352317,0.34378203753327996,0.8590419195224815,0.7111935909101084,0.21834995176676741,0.3839290880257802,0.7987180905068731,0.5548195701829005
472,0.1632942329738758,0.45923649512837694,0.7377660000313898,0.08993467894788554,0.33740505136909693,0.5489838130746232,0.15772878273031954,0.2229747204575211
473,0.8538893595139937,0.3950384316603155,0.1903413184991305,0.31806101503719986,0.5358217652381951,0.6013696633734171,0.823687398132298,0.77313213285389
474,0.27770630844166333,0.3227526386572851,0.44416446311241387,0.5547209483732571,0.5376253571989033,0.48803809783023,0.8743123177413021,0.48339159718596936
475,0.18004528790555518,0.732502604116206,0.9363541522749107,0.1242654633793645,0.6457425112423935,0.12208453778151307,0.23894872782614518,0.9873414836041348
476,0.5994465557638817,0.22563965195329427,0.0447856013704947,0.5139199446607849,0.19511906986208105,0.24206986294080257,0.8985418942328509,0.3512299978220095
477,0.7720708266051708,0.7288420696715485,0.660281087193159,0.7560620226559132,0.19607364246904369,0.19905770871697026,0.31017111876056347,0.6236449194684082
478,0.7640167214244663,0.9440617180434271,0.8403263095245318,0.5371160522755272,0.11825092704214801,0.9112329189220143,0.42760424521680984,0.7876750519830457
479,0.7151061545697069,0.13513043933430335,0.24423402786982362,0.7024369280778173,0.7523537692336559,0.3756366739216931,0.34935852294918057,0.7139931637437107
480,0.5194085223154213,0.9050439142997867,0.7758002534104913,0.7896233674872324,0.17573190733488775,0.9163715330830386,0.32822542058145776,0.16856758179489328
481,0.9988446921120162,0.4278136193647273,0.8096956244400809,0.29972680281501685,0.79172555317518,0.5099837122215023,0.34346833424520185,0.7614031133908795
482,0.9059048797483795,0.6071223135819201,0.24000007088336228,0.2400113981763884,0.788987143313372,0.8009017148109864,0.49979513853934854,0.39989580697255855
483,0.6073733538227737,0.7971887505129629,0.12292167836458123,0.9227234124817908,0.7137230420682906,0.9243524760354551,0.9288213389713226,0.6383458678618327
484,0.7371027839739993,0.1028637893026697,0.9908676264960378,0.6595319561983377,0.282872657025511,0.6355819737837903,0.9673296592202358,0.9145262407170744
485,0.9002015840674858,0.23053388904144656,0.9998652869141161,0.2543201583065009,0.7945057887169581,0.5338475150883153,0.002513871728923256,0.3139108844712911
486,0.47338857809302526,0.16325639360421118,0.9077197522972971,0.7372171489608995,0.31292108650589423,0.13624811477119725,0.18009326530522474,0.6027567732158694
487,0.3298792571620275,0.6328908280366026,0.9898400548595349,0.5089481734461021,0.4845675525338561,0.15955581546923592,0.5402500413670613,0.925516977038507
488,0.4197779535045496,0.3078501729162004,0.48847450387330804,0.19124862086267513,0.5793318950410551,0.11626842223145617,0.12427657556623928,0.4621236266892368
489,0.15406361233598576,0.02070157193432287,0.9198207623479704,0.47574424856485265,0.9325965675258584,0.6078935737213794,0.6199835030434174,0.604564789575591
490,0.3260163223582997,0.4991317835407524,0.5125552779206568,0.6539209411825073,0.7723321790441324,0.1732050158044286,0.16602724945633873,0.18949256588408592
491,0.2941383067941896,0.8851623222778344,0.03187544656731234,0.018893909869795333,0.6265386940064513,0.6878717776055921,0.2827514309413246,0.6107336400920361
492,0.033549101414732996,0.2970263881760118,0.6884316152620755,0.8576020745837076,0.8262899941097345,0.14131093139996442,0.81670363580463,0.7318970634979763
493,0.6388617101311774,0.6087749534169464,0.9885877134989408,0.6976050321965964,0.15585047098618354,0.49367191703390334,0.0951003708799737,0.11449484053310144
494,0.5163227720120518,0.9323339543942877,0.8853380494505388,0.15104987139244175,0.012050512220351806,0.8065604286409582,0.6738036850613671,0.769895242661886
495,0.05501743749699595,0.4648497086234703,0.5175932979571091,0.3784156382495577,0.5129171232879899,0.2733619090822099,0.8749214420699719,0.6132711399256502
496,0.6868277867637876,0.6888621867213915,0.3364029393454182,0.31224469607027183,0.9365255686804843,0.9187431381693373,0.6457406076887089,0.01197069578192167
497,0.7458482875934431,0.02718665387692787,0.21758262468524014,0.4880170896086087,0.1357496232094525,0.8358303260185646,0.2994800575798543,0.8066184420338502
498,0.7056050877304748,0.20327797179961815,0.8020387739630291,0.42461517096486556,0.5685984659797737,0.6680347355703465,0.20015141341851272,0.35553454821887964
499,0.2132323402396945,0.6246508398833381,0.7095505868824129,0.4656156184821282,0.24976295239008128,0.8862307818479938,0.5155834729754465,0.00267843228731357
