Unnamed: 0,0,1,2,3,4,5,6,7
0,0.2322604797892827,0.7022484230891678,0.3310410815712985,0.3835508835524691,0.827588159103356,0.1232562323948492,0.7860737417205058,0.32725349997812
1,0.0363226135199117,0.0969963295147623,0.0801803264682977,0.5512205607476399,0.586554838581818,0.1175074919534749,0.229703466897774,0.7612354349571473
2,0.5715114328176389,0.1116250156150143,0.6835913608431877,0.2569189951868249,0.4947551617231934,0.270027940662577,0.5368175412845952,0.088513663191406
3,0.1081430359411367,0.954678309245726,0.4813664610859258,0.6448796443782945,0.9087066975573568,0.625235541795642,0.5037996128295895,0.5683194917771005
4,0.857627064282617,0.666895024737218,0.4504816696393983,0.8015875139000344,0.8787795597457266,0.4885272613873079,0.4857979758713205,0.345007853278348
5,0.429130150986065,0.7781204320387384,0.1552762882693388,0.997308595276342,0.3815113484545119,0.9897429914796632,0.6474091648016747,0.8004672778818926
6,0.7493471572571568,0.8446398582243182,0.7749462229395312,0.88051763964101,0.9703692034501686,0.1012740702642653,0.7334010434815879,0.8824299771935002
7,0.9108157846732422,0.0007942936085323,0.4850521142817767,0.4188231720027298,0.8882169509430803,0.2681105632559378,0.7898477606138145,0.7735882625073762
8,0.3452540345220547,0.7789511222087309,0.5401813427773081,0.5421490572026246,0.3434402430344465,0.3761685615699716,0.8933187962066531,0.0401310525377198
9,0.0712108400906116,0.0571303973671913,0.7059378544766891,0.8403879760968879,0.8056285665659367,0.3416408580258651,0.6518010905994054,0.3254609901098617
10,0.1366130614021999,0.8410190040041499,0.6378861125809885,0.1544052399972887,0.8614542336458335,0.1102121017640793,0.1351061472097,0.204168457751611
11,0.2950887829483974,0.7741591562510374,0.8045737874255401,0.6499264074496509,0.3082777273871437,0.5835365803034859,0.910317465542866,0.6243162158274745
12,0.4212165871555031,0.972295562780642,0.4271538726030153,0.106166738209422,0.1416951090792209,0.4174937137559193,0.213081799822398,0.476315752493697
13,0.9486226274906346,0.2755717389771696,0.7199912589699713,0.6511513603690711,0.4139739789732116,0.4405209702040467,0.8079962644119912,0.6069304054006049
14,0.2703401328974684,0.2535223594223192,0.6057452598025413,0.695361900624179,0.8824220957945911,0.0057328402823699,0.0058868664627347,0.9542691910080456
15,0.8929128330980648,0.0408552339724961,0.707445879399542,0.2412518437759983,0.280191524958198,0.2724102203547343,0.0131864871220659,0.5388922959744401
16,0.9655229762608968,0.5940234266328093,0.6547555713985436,0.600571165725812,0.8916072739119126,0.692369660574332,0.9924096142029112,0.5960016399621032
17,0.5895809321697858,0.0946459275452299,0.0792038692100395,0.412058379319684,0.205101773400867,0.193091546404043,0.2227014320790251,0.8972583369163613
18,0.6976329745918569,0.0035284033332915,0.8160186022948864,0.4933828575306658,0.6193203073847712,0.7383187126331554,0.5967560727192276,0.6605010584172191
19,0.340827929084605,0.8445018032853056,0.1465797010819526,0.5328607394341545,0.4144487404670031,0.1743019473148551,0.8521896453035328,0.457049678853445
20,0.4712459814754955,0.0955743392332038,0.5269200891509443,0.1796301420534473,0.8092034919451108,0.0143385782667257,0.3731841923549615,0.8073254263306331
21,0.2310877180194221,0.377193896108533,0.8844226804763721,0.8736713450771603,0.3744064051685112,0.4010572187486578,0.4513179959754672,0.6272592348486078
22,0.0335654317406667,0.5287229135228362,0.8430727578571029,0.3468122164793419,0.6145401078945136,0.6143721571710731,0.338461825150483,0.451549196988227
23,0.9406282201492028,0.6930409418798646,0.4923883260596373,0.752752175680034,0.0348560064645885,0.2762087595854617,0.4601406913588839,0.6394454902425406
24,0.97510212188116,0.5372569249817318,0.7109637369642438,0.1853868481234141,0.9602249970030708,0.2385226216180042,0.0053855410143028,0.4277083127666691
25,0.964408244727199,0.767330726868603,0.8893615831254753,0.5936178896680429,0.954115953133672,0.2595973106484147,0.7637928238174483,0.577791141805592
26,0.0534181672731657,0.0377339024802041,0.0431490145855912,0.8476656097109505,0.4998837593491205,0.2105458558887267,0.8058445095387418,0.566977133117702
27,0.7013726294798492,0.7723041278871023,0.5224837116285374,0.5185152108825298,0.0870671700444483,0.6204738968484981,0.8657979707616501,0.5176051917064524
28,0.8664559809155976,0.9194531267160206,0.1013176728201991,0.5054770907462349,0.4606168524975652,0.6272437105150473,0.3128955531319972,0.3936514876017679
29,0.1061435366339855,0.942725532439622,0.8669424086165952,0.7844597836758658,0.794434703515297,0.8669810853539387,0.7374684437199167,0.9515197775625184
30,0.4380367335542429,0.950379493383668,0.0284386418815983,0.8027618330756582,0.3544684713818948,0.693695733838356,0.5013084068196932,0.3176070264461098
31,0.8452608064226149,0.1387751612236881,0.4140978061265168,0.4757249147601383,0.8574248096985013,0.1246213899036922,0.2517280265501425,0.2693751514386279
32,0.8956143918237133,0.2771320597304891,0.3585140937653074,0.0256190393754666,0.8424420833265182,0.0482389332164922,0.6384947528905901,0.4001829685210016
33,0.978731230100084,0.5914568681254853,0.4266542628871006,0.1577497389444336,0.3626316759835418,0.6208959724777554,0.8203365894986859,0.0964580402699851
34,0.7439084435692956,0.2669812977133371,0.1303635230946318,0.1494371194657697,0.0177877809940602,0.8998950173163514,0.2225716387818817,0.97135061257726
35,0.1141737352953867,0.9708943259177104,0.3585487878674596,0.5698198192729563,0.1571294040906378,0.392672397065688,0.9293861231628534,0.6070394950541265
36,0.3957753139963037,0.340836760600792,0.9010716592889236,0.7045905067474787,0.4035625263546997,0.1886954433830266,0.5651342157156108,0.0087270117351421
37,0.4983582580465577,0.8368437938261931,0.903249309400878,0.5983958558030129,0.328408507894948,0.185169030217563,0.7167270255304822,0.6459603530617536
38,0.7486531296777089,0.8648044457207976,0.7964881368334846,0.8316873660442939,0.5601395738837791,0.9368655922768616,0.7680764450340255,0.6541953623302019
39,0.1571530818487501,0.9387074004051555,0.2816077918353216,0.3896566830302664,0.4457565649189308,0.3438034671768492,0.3921316091872922,0.2344138805822417
40,0.491294816832621,0.7028608525123337,0.1883759577115162,0.146842254315422,0.6508840924847451,0.1750747552354746,0.3673900169153458,0.0922759908596332
41,0.427213109959394,0.1799976371128012,0.5184876413132573,0.1057518563812748,0.5209508023060336,0.3076484327800813,0.0819277582405257,0.2846626284243891
42,0.1061851263608099,0.3691671065110119,0.2614980501836317,0.0758684505130634,0.4572505581039411,0.4344033042481886,0.7076638674786573,0.2586511440393311
43,0.7631157756810399,0.4944207132740057,0.8714723138506619,0.30310408613034,0.3236030418144752,0.4492167112683101,0.928793565792585,0.4582742046307199
44,0.4865999525415244,0.5800807849757321,0.2568528028023015,0.7060957570199076,0.7175116265172844,0.532322941407646,0.3288294652372707,0.6394934369050082
45,0.6618526517501372,0.5565848122738533,0.8941889783057072,0.2597554454563463,0.1930175420236214,0.4196335989747105,0.8461109748451772,0.7904553535024867
46,0.0274248999396352,0.0198463455038239,0.4463554141147,0.5943868153299546,0.6336027030560911,0.2051418649149576,0.3908501312188576,0.4428865504837342
47,0.9746289147560472,0.7645081205702166,0.3289466756624222,0.668527718475519,0.8201263198536336,0.3618275017410658,0.987429820253813,0.3340434437119841
48,0.5253810121961813,0.8153376402265402,0.5944297296954886,0.0652289800163024,0.3410579377739251,0.3069322264531967,0.5436171949335769,0.5917496975890614
49,0.8298842601938277,0.5632173237482538,0.2207374467083452,0.4431113882595987,0.7196403506647272,0.5053026127083299,0.6132605942103238,0.4626664706940303
50,0.3379280621183483,0.0924050606554902,0.4679253685858264,0.9773973695024104,0.213733707254345,0.4964609946144307,0.9525700708856528,0.9897526051683334
51,0.2847820789807159,0.8090638299073815,0.8122006247284104,0.7027322008760211,0.9631222746103284,0.4826664639637164,0.7331246876456208,0.6187944390322644
52,0.1050618361909074,0.207157645619736,0.0173141864991226,0.360782986754009,0.4004016075896036,0.2338967572412432,0.7931702126807597,0.7413248115513645
53,0.9104048379784172,0.1726003040907441,0.462467894869115,0.6894406057013343,0.6024335094563129,0.1995368932398932,0.169223860219461,0.2090148531590915
54,0.9272932056708676,0.7622876053587005,0.1069680986822002,0.9035165353053624,0.2062807214232618,0.6219117943990828,0.9393241845056068,0.3296348519766076
55,0.9909330076395466,0.164004269764043,0.7843647013094087,0.0810542674581067,0.3695426797601535,0.1795820013023598,0.9469163494763704,0.9401537939895854
56,0.6190097095568918,0.5117667757060543,0.9722350143787192,0.6212062806356287,0.1291772377191055,0.8657666610197364,0.5119695165758387,0.9375735738087632
57,0.276769202148621,0.405990321372445,0.2019658709157089,0.0854396005205114,0.8948302845805481,0.3020164721676085,0.8911569323305168,0.5102962296948903
58,0.9945640813920682,0.5107917309306963,0.5783967150768685,0.860256187178006,0.0335385123331893,0.0863657349509821,0.7239770532430411,0.8885761936154084
59,0.515006776256373,0.4272578242440255,0.9903629578982834,0.3454247689307483,0.4685241022567692,0.4378257525031553,0.6144843023773391,0.673445472143958
60,0.5514238572131898,0.604758480315874,0.6370199274074037,0.7363330989260206,0.959009868074146,0.2482642534899535,0.7265748371112584,0.3129401032044961
61,0.443013788092263,0.3519025915238331,0.7557925293871259,0.1281849263363269,0.6345556023256432,0.3729989160216943,0.5178523717017045,0.1647452192788181
62,0.0706792372181109,0.4537244656628209,0.2543865492705577,0.7344472634490159,0.7551653480034455,0.4915185737829034,0.7769243149914626,0.9761731978580488
63,0.564017735116332,0.2378063684794698,0.8872965951409232,0.187771358320794,0.7326946807339281,0.3417285330112638,0.7271234843429918,0.8581626044382071
64,0.8955180006295598,0.0262748902436581,0.0573096506869165,0.920311022625778,0.9995782488649444,0.2074701412919835,0.8681852010830724,0.0022604394831263
65,0.5090760855745672,0.5561572774368518,0.0580386798653796,0.3665095642002546,0.7129662646770244,0.3954517822398886,0.8796541274836276,0.830145105494524
66,0.3193150763198008,0.7337809898845374,0.9755411853385392,0.8489853945810893,0.3198254682565354,0.1145747435327565,0.5775808935465006,0.9954916986877144
67,0.1085018632492641,0.0644435273653024,0.0313107488320953,0.1070113749510238,0.1399519205360642,0.3867105626218328,0.9372753772185785,0.466994915650846
68,0.7017583735234328,0.8832729464546971,0.7888159364119008,0.8553159224471352,0.0417717378017713,0.3617088976629588,0.60389681928123,0.9872838993559327
69,0.9358560503798262,0.3773765217126523,0.3956040640258041,0.0138877300383881,0.2296476332766607,0.2179165605806405,0.5744348381419901,0.5295337486546711
70,0.8937060345352281,0.1474665042366401,0.4198401539637009,0.5857644981747371,0.0849056184507713,0.6581290212456248,0.552852326965887,0.0513577543413665
71,0.3772966809709025,0.3484710710947298,0.863065675290726,0.0950003535587601,0.5403515167486181,0.0294530812415855,0.866618633222667,0.2248997755180747
72,0.9143074253918284,0.9357577154572448,0.8270329366345558,0.9450723869244452,0.5633812676903589,0.2758914808170013,0.5451656349485888,0.7891943607555412
73,0.8447055776883442,0.7120109969390033,0.2130573671436755,0.6012295560938473,0.2709805601930382,0.8705714412883747,0.5045232566646026,0.8631463514056021
74,0.5030062638464701,0.960526575932925,0.8433836254569863,0.94242531796271,0.6069882257478765,0.8095039506237797,0.949376232771711,0.7924386017659779
75,0.8364189458711421,0.2127984851984825,0.0706162017297132,0.1893182936542505,0.6115907041453782,0.1233515687611834,0.330561204188961,0.0599248532568518
76,0.6192033085176135,0.3642805524889353,0.5805561899714503,0.8237403687669778,0.125161089647396,0.1561842589301789,0.7403747634689017,0.6385257378772478
77,0.2546959339916882,0.765006873310375,0.4961070370189588,0.5548603462457342,0.9672853627160576,0.109592128282535,0.5156936081114473,0.5572357812703868
78,0.598082328768075,0.9110707586804834,0.630996601314633,0.8061179582526383,0.1605411739645754,0.2968467892660049,0.59618422937581,0.2346118869876182
79,0.1727849513023646,0.0815182664481941,0.2409552118313409,0.7335642681113517,0.5792223816461016,0.5341571703278637,0.5098809919736299,0.6663068397476204
80,0.3227892556653232,0.022152480868905,0.5310599328565937,0.2993133164146614,0.2908018760095265,0.9846863070674164,0.8403489650528316,0.4674793539077471
81,0.8164157949505506,0.892331929367138,0.9024980643561326,0.0415366916892921,0.9690354813674396,0.5041030306726286,0.9456813815618208,0.9852540805400486
82,0.3287690836794043,0.6197751604454207,0.9458600690097032,0.7337375644018322,0.621121112698627,0.3455319542870808,0.7952586258592675,0.6879831942233833
83,0.195935165560604,0.896997075196064,0.9072668489630968,0.2515041933287458,0.2310576464237996,0.972432541665893,0.1651823284470148,0.0251514111597219
84,0.9245855980467091,0.6334060756840852,0.6360933299749016,0.0686723928111564,0.2943995287821159,0.7515029763642097,0.7928083086201756,0.8189536337228249
85,0.5009671346634846,0.0728722742162661,0.6134402056472851,0.1146547937078682,0.5457229038029122,0.939306699211997,0.1497142189034426,0.339112235653873
86,0.7770212005601814,0.9250612008230732,0.6620535578228804,0.5639837945473641,0.1777873147982874,0.1044442146762756,0.4449554872482854,0.3145956182895734
87,0.5532446393635918,0.6888331220249403,0.8280040901768175,0.3959610435946897,0.3811872342881574,0.5418415212809077,0.6469448998608461,0.3709703454969533
88,0.7679541076368706,0.6663284232097979,0.6595675836476015,0.2407476071539869,0.4816917143423018,0.2333565431655154,0.5880211429217527,0.9344686012320572
89,0.9743083910913743,0.6980320102897949,0.3950951939292058,0.265199374531786,0.5092776220923342,0.0265674063218025,0.766881773768662,0.7627686321494448
90,0.4204370015203529,0.2391884600900851,0.939760606194912,0.0733262249620708,0.1828564909005584,0.6437029872312413,0.815057353569512,0.9085496348442244
91,0.5956022622200234,0.7040680962703919,0.5180860828622603,0.4751185140346279,0.7646665975158765,0.2498671670372141,0.2999833385177749,0.9354781847271884
92,0.8757714672169031,0.5096261160616444,0.8425877474360466,0.6483220693333984,0.1592796227824093,0.5009424813258146,0.9986872482627588,0.1047647888015838
93,0.8672361995854276,0.3814405079698704,0.6726559506999539,0.7040661572743645,0.0080953047341496,0.2799508467196474,0.8104685222251493,0.4943148927598639
94,0.9830142487332224,0.7280138180749074,0.8809341961087573,0.5502675297413584,0.2543705990657592,0.0552078111274352,0.6388319229790845,0.1629782384924579
95,0.1388231729762657,0.2546401567177868,0.6322616632508338,0.3068873818162838,0.8455154535565692,0.8410444720488135,0.5079319172766349,0.1054256406986595
96,0.7832812485288346,0.5885873973257348,0.805859281935847,0.1024313197304662,0.5594361353859464,0.7064833484003009,0.7050148011678156,0.2174850520778519
97,0.4910695019008783,0.3880090912468326,0.5075646316742634,0.604191773331613,0.2785626867591801,0.012700897597091,0.5165154902261623,0.1150821693073103
98,0.8775821474951855,0.5875506103162419,0.4977716547099983,0.7229919599791311,0.2192104768261722,0.6505962543741988,0.5857898942469326,0.5800832830709053
99,0.3683125080431166,0.895058588556877,0.914783841899178,0.2542920167847707,0.5041565424684069,0.6696271223781853,0.6221711336225191,0.555943741075112
100,0.9009857977388972,0.902581294011267,0.0544494847360397,0.4721001966452771,0.8111801495980835,0.1448175141895937,0.4000942842362436,0.3621671513168082
101,0.6207260902598574,0.6373009907017778,0.8182393425146602,0.831125118788382,0.7633620295858407,0.9584731026690092,0.685482347891593,0.2416947389697277
102,0.922785452023514,0.394484729636981,0.0002975392356218,0.4652479542124175,0.7262760953238556,0.0635222562973424,0.0135149793632864,0.2179712280987511
103,0.8833586122010103,0.2744101726995251,0.6885186176006959,0.7148536504374111,0.2060401796202856,0.5164623854150459,0.4073782243333956,0.834080193516748
104,0.3577352322675174,0.9398304048820784,0.8887616036630324,0.9822290720071882,0.7026371630841647,0.7842744107632098,0.183049420235838,0.0833855865886125
105,0.6690482222147586,0.5667069796317451,0.640471067995223,0.4743208407798649,0.7059805933212224,0.4967803075273104,0.7517919504832671,0.5182702655273926
106,0.128569079387474,0.7105179606614694,0.8027407500267864,0.2646014831744261,0.2797630139423228,0.975888967325769,0.1447869487100035,0.9478074839261836
107,0.9962089425812736,0.7178137569895537,0.2266241170050651,0.6615909109822824,0.5190060293109992,0.3779809206344615,0.5060875677887061,0.6425768750076345
108,0.3187771556742007,0.8040028195950287,0.9842363690686898,0.6452595252770061,0.5617481749448011,0.2186482345474572,0.3608394691306954,0.8739129739918412
109,0.5612506439091566,0.9987001881919813,0.9632995967919286,0.3130120753454647,0.8694688651744896,0.5918406446706996,0.1943262802520688,0.7827421970895178
110,0.4460418863664348,0.4786907480162302,0.0055559071375915,0.7502263364759505,0.5896198919181741,0.8903982407654548,0.0451052384989397,0.5335356630850433
111,0.4944793839797677,0.061247828330316,0.1333865386732091,0.5744419996414846,0.1389072684764386,0.8767972586910405,0.2530600354883704,0.2529742280741702
112,0.0821535659408085,0.4216350743791162,0.6131820996045656,0.2149420412601435,0.592655741011751,0.6786198758175844,0.9435460297349204,0.4354901359745194
113,0.3864970233651159,0.8659826508493857,0.7468612232379908,0.9808174654208784,0.0736131012285113,0.0526367204654086,0.7415322020904436,0.5164911568305696
114,0.5503369713399008,0.2307139898324236,0.9478600182561956,0.030736708584078,0.6754734211685132,0.644141177602378,0.1328990348009888,0.1559702092479561
115,0.9980275529430176,0.021401017767978,0.7770486533999391,0.3763465129449731,0.0108488425455169,0.6610736668803839,0.1554107797786189,0.9915414953931936
116,0.7597697231724054,0.0671603131202778,0.9448451508693922,0.3693712436206279,0.3205808534878798,0.3243621650448012,0.9439522460434452,0.6508155324581221
117,0.4733711554812138,0.2968655161986805,0.5489082103693284,0.7076125323185138,0.606462057808417,0.0954300498923936,0.0907192402234583,0.122641536252481
118,0.562203960363444,0.578674583336482,0.0745608193750552,0.5006434128828381,0.5068273398000837,0.4741365976172303,0.0269744025885168,0.6741511439249689
119,0.1272323275924788,0.1789630135170503,0.2155412545905555,0.1401485438384939,0.8667721388925848,0.8370786185727223,0.3712762578867543,0.5801903876877242
120,0.9411169601116428,0.1797839627073759,0.7521612880252334,0.4059512094644866,0.6494454093773591,0.7824907448333218,0.8313105198547506,0.8295222289870068
121,0.379500726531831,0.4476233764136543,0.1398025366935149,0.5898133575184401,0.9737715591061652,0.0022472236851052,0.7250348185714856,0.3479480783480052
122,0.7958674821762756,0.9386539307227706,0.8942601922062123,0.1565368399646426,0.8469710403487493,0.1639419034313146,0.7887485535103649,0.5835846979307803
123,0.9702481448840196,0.3687239032553001,0.1830823108732348,0.6202084980250068,0.7190270624534142,0.4845147716732573,0.3744647474713164,0.0822118028762931
124,0.2932959533880327,0.418207318414327,0.9410773121477124,0.7922806435332682,0.8148254242302547,0.9736173923344612,0.5047573544351285,0.3860401288564207
125,0.4219748201049457,0.7176543799900321,0.8899018198930234,0.6010619141580216,0.1477457003310862,0.7412735953479609,0.6938091550699397,0.011852013758768
126,0.4489692661201548,0.044628656818956,0.0497472106382735,0.6529291556367751,0.792310789960943,0.1242474065568277,0.1185799858494371,0.151988426625085
127,0.433422232197497,0.6624201122385024,0.646460105161654,0.4145080762923773,0.0432170576426786,0.4697315921261231,0.3588524956992629,0.9722095053207136
128,0.2916699056048946,0.3519978924630904,0.1545542735190467,0.423395828082108,0.2161849664069985,0.957793368181338,0.1686796197635928,0.2689687970509306
129,0.1695771832805114,0.6206040927590648,0.775212600511739,0.1672600198859236,0.6081523987170936,0.3020020701988579,0.4774044774547835,0.6176703746560628
130,0.2560897428803395,0.8725079316026995,0.194472815495304,0.8004041095007132,0.562305104623724,0.0091437202734775,0.8180275398110702,0.9065613944571652
131,0.3435797349581244,0.9635333707497732,0.9516574938245022,0.3519697289802259,0.536119639321664,0.842090916040461,0.142550694991967,0.8243049946998094
132,0.4972580344489333,0.0981781186708874,0.8236534397060414,0.1941592122503922,0.94118962103898,0.5508660169607813,0.5729789502864165,0.7122873703902189
133,0.4629177777543493,0.7657884014910626,0.0667219226011549,0.1169332734253593,0.0661289319180924,0.2337726530708356,0.0680294778645442,0.3619436752582242
134,0.3134138201616642,0.2938156399394513,0.7736139709686911,0.8821861470361505,0.0540860665777716,0.2152041473990918,0.8317358538966818,0.149716551783099
135,0.3591287439183293,0.723941025545658,0.8350199459407817,0.9615466053973064,0.0890266949496521,0.2260015549174987,0.0026066569558876,0.3573918362359977
136,0.7478178689626235,0.5603079729881618,0.2031116649692541,0.1501815597736954,0.0065766533410135,0.266856846536024,0.5101519325569845,0.7321008359417281
137,0.5905078522456578,0.8043611076832718,0.461953386285855,0.6643529960419949,0.8350383515229898,0.6047284612299052,0.0776280900752844,0.8470544074546539
138,0.1456133176538545,0.4149469047381725,0.218016334395218,0.3875301365256828,0.284658450359913,0.6230866225287393,0.4969716242039232,0.7229400435268997
139,0.38562864039132,0.7988551719492089,0.3359302710089468,0.9560401466340828,0.3102389062291889,0.7554330915052826,0.2314865440375624,0.9769371824447036
140,0.7224360162722869,0.5481214467304713,0.4371264178850776,0.3917943916737276,0.8333160820490368,0.672767391376165,0.0277576546178418,0.8087665673825939
141,0.6778867502087207,0.609891621784545,0.5253074623738371,0.2081919796679514,0.2333458979312233,0.8339837286570082,0.1979883118319344,0.7106032083993534
142,0.9420555498078232,0.4846500749218871,0.6529990788918005,0.0491650305018267,0.4834541490753723,0.8616018575630967,0.7133053978040904,0.0406585257432569
143,0.6034264412699017,0.7376211360795084,0.8134861075526613,0.9797141908250024,0.5778387429071393,0.3039111480123718,0.923542630501798,0.292783176239071
144,0.9160928618791574,0.1231591711244282,0.7084985070144452,0.4895308953754401,0.0542773922208301,0.7841469527467119,0.6520202813127446,0.5077291422683142
145,0.1920647645323381,0.7138890525331266,0.9680522396217368,0.7952468655028907,0.8229986697031214,0.2489166716023083,0.1374866585099005,0.5491158683397912
146,0.5182069172712306,0.738414030959477,0.2010545147681441,0.4097298355992828,0.4350290294530134,0.6796942864103074,0.8483582780712926,0.1243057974276845
147,0.3393591011570597,0.431203752063117,0.976934669822046,0.4871158491208031,0.5612559398148688,0.3084364503620216,0.3684301869279186,0.5370467898466817
148,0.0268470653852944,0.8553257440913081,0.2134334371968629,0.8112951631243335,0.0236092918078131,0.1208758126230417,0.9945823011062516,0.127346737554381
149,0.2241008120961771,0.1617256109660559,0.5092381020695931,0.8756065952207912,0.4646209887524827,0.7155055554808861,0.3198912180515952,0.905331623502338
150,0.8035890628593017,0.0378655333412092,0.1371250904223406,0.9474029634368292,0.9304603599309332,0.3030047167786127,0.5083596483030487,0.769606576398946
151,0.2949530203929885,0.5742352154932336,0.917439486199022,0.201652414747246,0.0643048873905252,0.4474395723484904,0.3295288148242662,0.8001516683006916
152,0.6658302501953242,0.5781898114767834,0.8711523610882406,0.689601424702777,0.9819789598262624,0.2275861362153644,0.1638805934717356,0.6262833894766918
153,0.9292269314871964,0.2905320034382302,0.758902706331631,0.1120267361754348,0.409819371572671,0.953070052100738,0.5753695161379438,0.8217279067838511
154,0.0426318919133832,0.5008201273456204,0.4683228883526745,0.0101777341441993,0.7317888809839376,0.8251120136138854,0.5500391393072266,0.8770831839077639
155,0.6430632393117571,0.2538399644248507,0.1176559246846838,0.690341281004806,0.8424386762191828,0.7719686964627229,0.6702365368418454,0.8554382410669455
156,0.5235721738305891,0.1720909595194107,0.133193683199851,0.246573113175115,0.2008493465992656,0.0159979023200435,0.773608709436469,0.8917874766169036
157,0.8991845856429397,0.1528901881748384,0.0599645705214734,0.0518458706348367,0.3916504260111219,0.784861618231738,0.8653823020082988,0.9055208346757851
158,0.2048329003211733,0.7803482076141653,0.7541089644405521,0.3471054105246469,0.5194928520146747,0.8602571861217786,0.712012312658621,0.2084982891446485
159,0.6816128529338685,0.280130611020696,0.9468368763067876,0.5078432488628126,0.1746419173207432,0.1624584707310635,0.0678500205178658,0.5578636896437286
160,0.4579636341804288,0.4678272472216883,0.8019324456548514,0.3801676678335443,0.4206169789467064,0.0939501238935228,0.4038777294774927,0.9128489706514684
161,0.2351887025695508,0.5503430135955315,0.2470735583591558,0.8737720757985634,0.2973874033773923,0.0133432188066715,0.4716919750313816,0.6507081660629906
162,0.2257595202812851,0.0009060633621279,0.2212102216985247,0.6646063860214901,0.3169570399214541,0.8602300427976393,0.8157247077632005,0.0894446845501065
163,0.1110793730663507,0.1654670139456533,0.7472446929245898,0.6617719584907383,0.7325093946139931,0.851293630697128,0.8145545819034692,0.9936098730142572
164,0.5066822685989012,0.2189791213476031,0.5660197684306474,0.9191686172688208,0.5478128827875295,0.1544077968470691,0.9180138363265672,0.9335855934875634
165,0.1490363363416531,0.709908477392438,0.0694155025159946,0.4161022431419861,0.2896720741868055,0.3846412231351315,0.5502840159344329,0.2958919864526971
166,0.1594782237592931,0.8723500187749735,0.6908521729948146,0.5163659811979993,0.0805348048365356,0.663054571972371,0.976925861370917,0.7528353789963532
167,0.1835897785184234,0.0936380822080423,0.7816317590808745,0.1866005876750541,0.4844043507428909,0.8290391334131392,0.5634409589231366,0.4851632637313193
168,0.7349749508147986,0.5142792484977106,0.3862462919946561,0.0581635960752203,0.7354371726413823,0.806318137014256,0.0347558931089696,0.2265977337879
169,0.3334227064531584,0.8512741472621316,0.6147317242997998,0.9776840176935744,0.6240062063135873,0.2620330895000538,0.6064971672898827,0.1264251867659005
170,0.9470916339124454,0.4372710709215761,0.846234374832484,0.1211485455835005,0.8297921244712905,0.3477500631337022,0.2652610602445358,0.7504777959416212
171,0.0717214335224317,0.2076799620978024,0.1367782816358076,0.3267422761389921,0.032580941237634,0.2963205013416984,0.0437145458052629,0.2436696723212343
172,0.0468720815984259,0.2515539412998683,0.2028587238271354,0.2581204783450499,0.5566966383479963,0.9602807059207812,0.2563412963778402,0.9247758599859937
173,0.950280001262877,0.1090931641765216,0.520927691571213,0.5477163904970997,0.3141193608477821,0.6040759585069196,0.3041449865569765,0.8994079365166547
174,0.7441332085092148,0.4805596991436938,0.5694486073995675,0.3070838824507865,0.9730894376409732,0.6614126343859106,0.4198510813604391,0.2020637281887097
175,0.7662020672078681,0.3580068512362455,0.7421557318437183,0.4861047811926845,0.5712765986761805,0.832568128442708,0.3528595772493877,0.9065851439431628
176,0.9114900805447824,0.0356793130059952,0.2304887345372152,0.9650858324890852,0.3904854974605067,0.3593154859324733,0.2415946681903049,0.4748567670126805
177,0.0770812792213341,0.5737263404738242,0.5761672488518575,0.0414378857142246,0.6184434726928644,0.1918363233376118,0.8175974054550192,0.0908990620660115
178,0.5722067906107227,0.4212987647868479,0.8788372489605201,0.0815671247208171,0.0803327459846544,0.7661351269908586,0.6304990442005058,0.5216039050747385
179,0.157786679471513,0.4887577336590298,0.206561609017259,0.924058226703346,0.3092368565452748,0.422066083149617,0.5424408480913055,0.3975701952855391
180,0.6603767232816925,0.7103376880405383,0.7287289985069147,0.5849237543487944,0.2545995332227796,0.4448061593309671,0.0927526675341415,0.0157421275113371
181,0.7867142072510073,0.5051920710265421,0.9808179736925278,0.4305024492235615,0.1443557217409705,0.6178633796380628,0.8137800975360618,0.5174780352347084
182,0.958238482763042,0.7841991020389013,0.6234518930416798,0.2395155936017017,0.4819680673215063,0.3831911804212828,0.9446268031963148,0.2121709112371802
183,0.5441316191177387,0.337445955634657,0.6346671715101626,0.6558842907706621,0.621469994268333,0.8446472449506182,0.0828720385333915,0.2807283627139182
184,0.0070798559666273,0.5613374602475748,0.4783379247999809,0.9925497333681222,0.8593743415334163,0.414425690842798,0.8851652566895297,0.0873864780506369
185,0.6401933710529645,0.4878935220490291,0.4061748632419812,0.2747748606335458,0.7709915387724444,0.3080926641719285,0.1441256326629634,0.5541740942069956
186,0.1099488719612745,0.2716595023370477,0.9305730340274714,0.2404940416707786,0.6322357342613335,0.2484208495268726,0.7244793529429917,0.7457981510627842
187,0.4685174011744183,0.7305490692349534,0.1033000781102778,0.0580964970977853,0.6216035494782143,0.9172040172322976,0.9939188180204538,0.7358477931014092
188,0.2940388548027761,0.1846086206439418,0.5031404982969492,0.1774310005326407,0.7685193893831518,0.7000607742491491,0.6709508480676931,0.9333571978179918
189,0.9904225859015136,0.2300709982586107,0.0885377152182805,0.2766799985753543,0.6136956564868478,0.1686032966987927,0.215690801281393,0.9903942070814956
190,0.5267869472646982,0.2974725945476568,0.9008957514845596,0.5273069026457478,0.6789566498522001,0.1571921910145335,0.4690525427793693,0.2310692690749348
191,0.4566068425859719,0.3524128027751492,0.1966887213633653,0.1526974377571263,0.4822383591737532,0.6529574928400189,0.2862117349886123,0.4834887040892095
192,0.5940121161782073,0.2531953327439192,0.6132795377713215,0.7622642768666867,0.7459585271178075,0.5139585422856642,0.4596768869789799,0.7151081788985458
193,0.4700803780981049,0.6027426072248668,0.4189844964638084,0.1571135106365132,0.6093294944380763,0.5266283708658034,0.2873928596013928,0.0411987193448613
194,0.4587405241090493,0.2747811710050563,0.517229234552192,0.3898158123484039,0.976384512465352,0.1274822757022121,0.6038316755545838,0.1430796000253108
195,0.2700246749403185,0.1053906496597175,0.3469348321712746,0.8981491822432554,0.3334601643040015,0.952199189131114,0.6196697577065008,0.627741074285257
196,0.732470417033974,0.157288760814337,0.0603428460818133,0.3403011938744213,0.9337124197113246,0.3878957220188908,0.8273449945261867,0.1553755662863417
197,0.1916097149211284,0.424143672998702,0.3229355046318204,0.3111425208403623,0.1188178685882204,0.997451078357941,0.3091366743155239,0.3410717052315255
198,0.5788266086133778,0.1803087242163771,0.9072119625475064,0.3243923987148353,0.1958223701691436,0.6743187757372777,0.5301560779304412,0.5161008159391193
199,0.6028984552711718,0.9186139267513774,0.8850757630857875,0.9740891099870108,0.0127910544299223,0.6977107275388247,0.765248417274752,0.8882522287119722
200,0.4526338552460901,0.4942458092524604,0.2421687005246223,0.1141903677607359,0.5115803660520579,0.4154741681800964,0.7414550458351818,0.4386301722345233
201,0.9308129550810762,0.3602722952285604,0.7224336293625649,0.8752689217528851,0.8872472725073138,0.0991878152238334,0.973473829800206,0.9552502863762112
202,0.4301566805032518,0.0266402912716,0.5292696426117743,0.3664692003674034,0.9920226305130848,0.0905362933068559,0.8841602988465479,0.9584548153670868
203,0.7645158865383367,0.3671984311066034,0.0377724249497805,0.7900653014196583,0.2120145141262004,0.7655354191180588,0.2803370204104498,0.6663374659220203
204,0.5656396841472977,0.850073041605817,0.677863759800686,0.2992700566614765,0.4873755054906717,0.2917344312752873,0.7620504307358411,0.1703398891468391
205,0.3215768918673637,0.9712000208210114,0.8107531219128636,0.8649820535824567,0.8529538710509403,0.2315280750114829,0.078926759928623,0.5590420004269993
206,0.7897334424551413,0.2350436611001831,0.4140829951070748,0.5210497346865021,0.8183400571651315,0.4684903446458078,0.9498005542773806,0.1858746343807612
207,0.1364047159020466,0.5870083877107553,0.6094003427256756,0.8648518750810571,0.6613966060603906,0.3531591017136043,0.9165288341653876,0.2243489302932924
208,0.38992583044416,0.0601611142184044,0.4469062791612462,0.9642323772450428,0.2150920710625055,0.0843445943193696,0.908454907446208,0.1594668529754495
209,0.0560042856340446,0.5797826820457602,0.2135165761416099,0.2281404423125619,0.4342838026364652,0.0686924573695088,0.0797098928254658,0.3591760062053079
210,0.4923731320658409,0.2296437698862683,0.5443220767937118,0.2442137153730741,0.0686309796865958,0.818099248019892,0.9681932272207084,0.8499004761011217
211,0.7384998619886919,0.3998987696687431,0.3157998431393979,0.0935386648075208,0.1237440146103208,0.0232650161861401,0.4769474459546147,0.0390229751422498
212,0.5836315330622258,0.2556898785104186,0.0729289349470426,0.856702911225859,0.9501744794872836,0.676595648511243,0.3860317992001488,0.6310844550214828
213,0.0256662610756143,0.9616788209232022,0.9255586105205504,0.5990206696732061,0.6296071913243677,0.9732063569199678,0.1720646251711632,0.58271085911602
214,0.3499892071564061,0.1237552210454707,0.3425902447002913,0.5815387071049267,0.6964372288201623,0.7564700042022566,0.8979420750292443,0.9426663255376366
215,0.0782529368204424,0.1108618541397713,0.8849396524800517,0.9050554998009817,0.9519278254494736,0.8879192131763706,0.2273184858085354,0.5195961704226761
216,0.9296773255644696,0.2181189481122393,0.3636803193601214,0.0948142579232156,0.740322795961167,0.0401269155933998,0.5158097530492189,0.3971622321476256
217,0.9475183322221556,0.201160121840664,0.914768019336254,0.0056884573332561,0.5277340035532401,0.567256758113928,0.6103033508127362,0.451994521044529
218,0.9835969064835186,0.4009054369380607,0.7385714187784648,0.8048252279932613,0.1624486642191087,0.2363151554530351,0.5311699578547372,0.0529255911094034
219,0.3592112218166684,0.2145143296330917,0.7997506069828898,0.6493486533466506,0.1693764698266816,0.8341528526111174,0.2268179639203641,0.1512275292485136
220,0.8866724481692605,0.379139556503094,0.3972267903126025,0.8129427933153541,0.9958134185098464,0.1740203372739555,0.8669796749660208,0.4877399783752278
221,0.4710558992259724,0.5092839001145213,0.0051239464284156,0.0084341506241647,0.9278307273528028,0.4252442104847604,0.5578729114381599,0.3915852296154131
222,0.7971040259190683,0.7350068689034114,0.4014054292032254,0.2193987857025855,0.5173764327676315,0.9501654492433436,0.1496060190761241,0.3148873195754758
223,0.1268638805313185,0.2350313547108691,0.9678264077062434,0.1849786329757984,0.3396670565264296,0.5407616414083567,0.801635029582321,0.1323088425742657
224,0.6482998204064175,0.2431426101712104,0.8818470040340582,0.8185638535776762,0.1362474182609018,0.2224752322007404,0.5371343603209914,0.3422375053595863
225,0.9617363788223912,0.6084401675215126,0.0741695117468642,0.3745018750330295,0.9832529090544836,0.3708533859528273,0.2949810263417868,0.1758433389511192
226,0.637207482911719,0.1983668974112921,0.4206120340932625,0.1983917926220542,0.1095175948955055,0.5771171351690736,0.1428541345208986,0.8919507605608346
227,0.900570016610554,0.3831888822153568,0.8554087925982695,0.5927508113222023,0.0413654296294252,0.9392489494384828,0.8090977606397953,0.5151925948922867
228,0.912296785425874,0.6242557667469082,0.7253295362192663,0.3470639483802861,0.5253282368421575,0.9058280981124088,0.0578982666297387,0.0233165881343192
229,0.0298284737060356,0.7031730155013759,0.7626073196350545,0.9652023944273376,0.024761834444914,0.8272775850257511,0.6545429925728853,0.3453964184007655
230,0.3860709445695953,0.907691815161656,0.6094392692647004,0.8286013720261934,0.6885155769360709,0.7878713399890752,0.098306922864693,0.9666072914246862
231,0.3980203470702076,0.3762918092551522,0.1898501767045861,0.0414705461507224,0.9410520966322594,0.0041945932826308,0.0061982524670932,0.5576141718720949
232,0.4796547406978838,0.8542033961095697,0.2963328389815236,0.7182154178288251,0.5336351238044542,0.5896102283363092,0.1838083097057333,0.0850722294178181
233,0.9653099956561416,0.3642840942181534,0.3483466269615405,0.2006580100560058,0.278219063174525,0.6224172861204692,0.3850442588712229,0.5147288818874526
234,0.5646484120494543,0.5544833242053494,0.6477759927810635,0.4813902311182527,0.3201385685250474,0.6118302115104212,0.6883856656861808,0.3471258985250893
235,0.208875006459708,0.997033383889529,0.1662907348296468,0.8698199488330037,0.2333442026829336,0.5110862285738921,0.6688950008601078,0.442268701466658
236,0.3920682931737038,0.677917216152777,0.9790643449680584,0.8067934756375136,0.591262579141503,0.8122302813149678,0.0810939996463212,0.0781328155267609
237,0.6114783960834631,0.3256773857687224,0.650057727545695,0.4093867923914969,0.9539618594557246,0.6765255243812209,0.3668210595955669,0.338396301367819
238,0.0580326160543364,0.5974256449735204,0.3407491527433163,0.1890886535274613,0.7537468994351558,0.5410284369237459,0.6978527166293756,0.8059521024928284
239,0.7619393852650193,0.5724044689947378,0.9843018126250784,0.2256052554022901,0.7620384661967636,0.1377744760454281,0.5841787154445995,0.5546082855053436
240,0.9106981769139232,0.7582066364735625,0.0927059683756105,0.3272952039241363,0.830415149362861,0.5191323920377873,0.3607060769406011,0.5572245818976138
241,0.8889251249304615,0.7499928685227849,0.8836398326584064,0.2692640228172255,0.3235495753315706,0.1499320338059491,0.8821323384068056,0.1239344992876205
242,0.587475774799138,0.6337719373046599,0.102127980321005,0.6524048274448454,0.4502014082484848,0.0660991645154778,0.0083275857457815,0.562864767893088
243,0.4887703390019782,0.4152479263451194,0.591815541323717,0.0728661865140426,0.7556148007962038,0.5536749014032487,0.2343859325666739,0.107194364138018
244,0.5608361028911728,0.4042461715019055,0.7294386420552977,0.8891896595823704,0.3664973531842341,0.275708530503495,0.6627347576149061,0.4345415817827703
245,0.0081405299138018,0.7196670274170777,0.2954214041007376,0.0492944085614042,0.5873514100754094,0.0597868019104502,0.1887047389841397,0.2705902856470255
246,0.2188485902607324,0.5058144817656399,0.1670456215080268,0.4010662981770884,0.6640541703925058,0.8626577058267209,0.0127589218142389,0.1677920919529033
247,0.8389405659981357,0.3249815332491417,0.5856887665216971,0.3336362703342366,0.8981917685350351,0.3017283958257569,0.0355456355284464,0.5716944760463659
248,0.802927938043717,0.7530690434739757,0.8629699154518483,0.9509729574462964,0.9572171258988956,0.5047957228656321,0.7228170079067651,0.2290921936019356
249,0.0152776968088217,0.8726401190587125,0.9635646636863098,0.102306631579032,0.2224330960270339,0.7409937307293232,0.8047225053012863,0.4002470637678113
250,0.462618809572163,0.5794969390975273,0.4397956966801467,0.1827523076337261,0.8041503280192196,0.5065552593359464,0.1028410201888431,0.5036199616039758
251,0.2177289853456099,0.175646151072942,0.1177773746999623,0.0953124535409026,0.2433265381197037,0.3079918958755476,0.9627080850787691,0.599563536271444
252,0.0452852138375333,0.9423973220779208,0.932758728093729,0.8698804463184532,0.7132338241192789,0.7639377174103451,0.1641366548005044,0.9391154339389264
253,0.0476982434599162,0.408045931856011,0.245036363373459,0.8337942518402972,0.0678190295421101,0.03582481831935,0.8575373378086528,0.037796637548945
254,0.9823766927590598,0.0132627201060679,0.6731005387115299,0.8541144940177904,0.5588724008688165,0.2017958427609743,0.5896939509692346,0.7639285951216331
255,0.5155413215445184,0.4501898866975069,0.1735670547770883,0.3340360027225488,0.6333583736164662,0.113752620007628,0.1734378390396713,0.5158051925893401
256,0.5079249691867176,0.9223482766966626,0.186916203346603,0.9879333710539676,0.6626651418665304,0.9561791598732812,0.4029169463689694,0.2279890646397017
257,0.9535651541389174,0.4868190305992376,0.7483017492932404,0.3355377127675054,0.9456988406837264,0.7621829409868459,0.7971281826771043,0.9826882311709711
258,0.6789176714847905,0.1518919098299075,0.2078264872359148,0.1108822522660276,0.8163039854068548,0.5188230565394089,0.9804929116938592,0.5781570554756776
259,0.9053137765916156,0.0888675886701344,0.3733862936165284,0.2881647159582405,0.0854260259973709,0.2728025651995931,0.9872418892748808,0.703381136871538
260,0.2832243803391974,0.0926254111606351,0.6331405355338253,0.7312211880462298,0.1745799670609533,0.2929949917842483,0.3025458052168973,0.9663862995230398
261,0.4956775110462255,0.1703630783450017,0.6351125115106171,0.1257751696293189,0.6779348244956602,0.8299798042721621,0.062873048017658,0.3285394373392205
262,0.9842989749076894,0.3361415108714155,0.59378708981078,0.9076482558898205,0.773829867621692,0.7062137848242338,0.7283055043731314,0.8868007250526463
263,0.0578672350442239,0.3956136899240405,0.1265999915952842,0.7113583975856952,0.1407833492711994,0.7368457721780811,0.4225750293853907,0.3810120632569999
264,0.2812563637161442,0.4056137851438268,0.3666772440607271,0.7381120979824058,0.1101444548432024,0.4664855886385087,0.2386529032840371,0.0039780349787197
265,0.9405153218098032,0.992012344064876,0.3947108246137236,0.8264351835360182,0.0670538285859978,0.1493930622308605,0.1062238238851761,0.4098738720017391
266,0.564723947181904,0.3467232292199483,0.9830971024298596,0.9177499174734194,0.5779149259792429,0.1097807019188148,0.4751972939393259,0.7784741404789305
267,0.2179960520233667,0.8554227141938395,0.0476140172975005,0.0036398274852819,0.7365715513157852,0.3260070148938419,0.6318547753991303,0.8343013201356035
268,0.530347416246484,0.1588074506566128,0.9716593170074908,0.549103369624793,0.5688650401433588,0.2421375327946224,0.2513474196158549,0.3474690865233131
269,0.3074426912166416,0.8457961167948655,0.3728631641028495,0.2677898256979061,0.3625279395153049,0.1012470655500983,0.3526248880928999,0.3320262359598117
270,0.646714577202661,0.713140275718143,0.7135262089806138,0.7079134813621928,0.5996866200138073,0.6117576436638611,0.8183303788275514,0.6108513041561553
271,0.7303763335530611,0.7811029852169666,0.4760341661191494,0.1211291037026057,0.8062644413600908,0.2215445772987661,0.5015999002754541,0.7083886652708619
272,0.8542776221215724,0.2112791115992054,0.972755609083095,0.4657139958376854,0.0360534103327537,0.575710775585045,0.331480172622305,0.3450783035188871
273,0.6463410301039344,0.2654095140574025,0.5542394606921638,0.6577184094469493,0.2424081639257272,0.8820872072980059,0.3796405925960637,0.1296366744565626
274,0.0399800132462974,0.8447249999401233,0.4629106901747818,0.6494358722241814,0.4709966298651025,0.4874528561291936,0.5672050467765429,0.7236747015479903
275,0.5620206997983531,0.0884824412377423,0.8587547710042478,0.2516407365889541,0.9400469573381932,0.8499497615035041,0.6811458349351448,0.7963723671635534
276,0.4204625745640484,0.6030409210459691,0.3954353119808645,0.0915005274345897,0.8422048793303691,0.5150006883004827,0.909754914220104,0.2608718324288051
277,0.450427186124706,0.569561809678544,0.5792250786160544,0.3474300555788955,0.0688627015597614,0.7927305622224388,0.4976629055570144,0.5199116360663903
278,0.4660847477051955,0.5315321889884359,0.4693013693508009,0.9416503270230538,0.1481304993997915,0.6722778775452579,0.6885100916311904,0.8421392735531811
279,0.5551640874019022,0.2496767993460389,0.6980873128662148,0.028323943473817,0.3258165162503724,0.4817901589390376,0.1049146198735823,0.9639890707218364
280,0.8762034223699385,0.5450991520604754,0.9745689740740672,0.6147827784583503,0.1175844761416817,0.1915993911383822,0.8412584446214932,0.0238855838079187
281,0.4250287265079377,0.9756425894493858,0.5522339915953078,0.921596050913836,0.8743477440740558,0.1543180734858602,0.2421821836596269,0.9122625309386136
282,0.0121886084510588,0.3509163842675731,0.5882049380076844,0.4032491727155459,0.0825910981048761,0.9394631762937004,0.7469009171968194,0.6250338692852555
283,0.3715834906204315,0.7630769133525312,0.5223890077586479,0.3619176636853419,0.558019008871777,0.7524408039354527,0.157690859681722,0.9969662055123582
284,0.2019731001099949,0.6146639364133492,0.084659749344922,0.9174334764906096,0.734431456161189,0.5692138769182187,0.4586003056193078,0.6092751523675516
285,0.2991885126746868,0.5613255286173156,0.9478291862663224,0.7851500218164529,0.679277547995214,0.9482164352494876,0.1537046993952253,0.6073994708514976
286,0.501851366563902,0.6479385982484852,0.8993351154580546,0.8804147227578379,0.8823998604033553,0.5875103558712411,0.7331971533842732,0.3493535627829399
287,0.1546752037583751,0.3636346857823309,0.0401100363805773,0.9583312974117651,0.5603348173269728,0.0516635551726594,0.5735502737247987,0.8257944640549527
288,0.8917958756447119,0.7584498334183067,0.4010862960637107,0.3871135273780058,0.1507522542766987,0.8724291073372076,0.4034949299367294,0.8304965194501456
289,0.8103161192003071,0.74145653850166,0.5433434726337274,0.6252689878282637,0.4152872494889554,0.0909769802118367,0.6706219936839904,0.4767519827715378
290,0.1433311779237236,0.5871940447944436,0.8383666177963672,0.4008261492775323,0.3693482502095939,0.8084489901621624,0.3973842029649176,0.0351982295413718
291,0.3221610457506361,0.3630004550431288,0.6304712939376529,0.1709838851701468,0.1684827222583899,0.1684761195353246,0.6646901725373902,0.7633812244644027
292,0.6603354645675193,0.93829273680487,0.1775075521441992,0.4280247632366701,0.6892605834730016,0.377275582552412,0.4062839553689608,0.160120215504575
293,0.7641739483564783,0.3746185465318862,0.520492101714101,0.1932343743222114,0.206849171477911,0.7546818472493192,0.1740180291818066,0.4578390186789033
294,0.0644590595595763,0.1717261812485389,0.1164476213768538,0.894047985862771,0.7843949286718148,0.9613545825530504,0.7271367895060314,0.6009071525422987
295,0.9802228553323368,0.5129261824719821,0.6328263785854005,0.4522689489767872,0.40497045351708,0.3893525639574499,0.5449651881186005,0.6855467061439504
296,0.9696104878337658,0.6001607916478817,0.3392854877303195,0.2325078485975602,0.6145346831030147,0.619893153493735,0.2553990340763904,0.7101043922048689
297,0.1222266209168583,0.237487793662923,0.7970995137952409,0.979178875098792,0.2471753780771685,0.3039137110838447,0.7660883430836348,0.7168452511356637
298,0.3740021828927395,0.2972515868546934,0.3337922740052664,0.0080758233079979,0.7506179725058812,0.1047913954307605,0.8601368340986942,0.2617480766149951
299,0.1028648236142776,0.5639439398163985,0.262036306215916,0.2025988537167834,0.6280196716071812,0.4233301286407444,0.4765424345978072,0.4506067178547478
300,0.4292514551167168,0.1914029213534626,0.9054986650442556,0.9596381429380404,0.2013775071097227,0.5788230828500275,0.7394544384943216,0.846224036635393
301,0.2961298394334467,0.377085020310914,0.078570763353471,0.8158577511753614,0.08821086464011,0.8629612162074188,0.6800389284336354,0.6750548739035908
302,0.641258426402405,0.6974102358905759,0.7018429670772514,0.1589160308438906,0.4055871952169035,0.993570225496769,0.1285540342985485,0.5322889275161681
303,0.4931646688522615,0.9160945883990554,0.7529098986417408,0.0664400705286129,0.9295454780429512,0.3572280083254064,0.3605275666380776,0.2175730698461674
304,0.6301689996347251,0.2704426569389262,0.7447910919810723,0.6355074968882062,0.5972151100689715,0.3877354891143244,0.7161615213570759,0.1885022361504392
305,0.9135190746952186,0.4079095412461028,0.4753762092559198,0.4659776842852259,0.2548464262219516,0.7588478333399746,0.7875847850247197,0.1187587899888489
306,0.6702528331046587,0.870509616942629,0.6197230639708823,0.0223498827944309,0.8242134192865486,0.6273696645665462,0.3175524356449478,0.180587895097967
307,0.8427228171982184,0.8384271764757292,0.7056507229312992,0.1088162607135141,0.1976853298942188,0.7444124085858894,0.2977724127494784,0.5794162846097562
308,0.531915841016828,0.8384484166770542,0.9444579180986048,0.010099129735521,0.8831087304270919,0.6926143905083691,0.2174299722660676,0.5464790105456382
309,0.1283049147943193,0.029011564180697,0.0658641419780931,0.239059691025896,0.0872257996023103,0.3302855832865456,0.85014107777423,0.4398769415793687
310,0.3520338241163467,0.5078586321123041,0.969672153553475,0.0548525330226072,0.8311188243757551,0.7632332289499669,0.3711786389261675,0.8491231190822518
311,0.2197112919057345,0.103936318382764,0.8639449125828533,0.8964270979947311,0.037288687228917,0.2036893643324118,0.6807415061682083,0.0624435583404341
312,0.8463444406179423,0.4761857835534553,0.0328141112500883,0.3142659040630639,0.8024969066176607,0.0790980919450021,0.9872575707482236,0.8312878807785989
313,0.9769667164227108,0.3643306388433671,0.5201799947607373,0.3438280594293095,0.8365167003135581,0.8527032580734947,0.3571329009406544,0.6308758689628643
314,0.1921011266610297,0.6766606317167901,0.1437828514269675,0.0096259606372832,0.9928337661408468,0.1380924886408348,0.1652835127944677,0.8456126183206358
315,0.9094993306567584,0.0556966990901242,0.6557674761252626,0.6397683963447868,0.3860102681482832,0.8827690827498689,0.6652677188821564,0.2841406730330513
316,0.8179791501790291,0.7256114397403992,0.8623135602610715,0.1775540292251878,0.97846574592734,0.958262044033032,0.3817022593023091,0.2207895150338571
317,0.9513300726250574,0.5789109040635066,0.366090072860492,0.8514869332048322,0.689804978087858,0.019089213077595,0.301454578920458,0.0061710135870269
318,0.3105467643382164,0.436259856511286,0.6651075742517948,0.9476964869626252,0.2054939371129636,0.3988692836000307,0.013666052604885,0.8572275883216427
319,0.0892963193434446,0.5526365595556216,0.3668683123721863,0.0048827382005459,0.1810029123407953,0.0622471881847888,0.8953890396814193,0.927969674751218
320,0.1881441961358984,0.4418342668884141,0.8803085134919326,0.0615007923053045,0.2452032452554069,0.6791865371277706,0.615488021582438,0.4054646565020402
321,0.1895534948500503,0.1670184411393764,0.7831052169673088,0.3469260896448026,0.6317831050436193,0.0016767587889788,0.7689692986046941,0.1966311211245651
322,0.0781937089210614,0.8952531468303377,0.1965233550204485,0.4611358689526119,0.7353164009038783,0.3041638692188732,0.9702692393614994,0.0863487402794125
323,0.8322238866025576,0.3401168152905736,0.8729086735367588,0.1986463717439919,0.7052989970155971,0.90741825635173,0.988698325265404,0.6563274779420685
324,0.8961171454591008,0.2721995970993671,0.2591944222266933,0.1621950647324321,0.5367541724563827,0.0987166948087641,0.1010093581666147,0.9245991655061654
325,0.7534674252071086,0.317965447565081,0.7278313175969201,0.456283971896876,0.1513300260920574,0.9200716239506432,0.9607927217323896,0.5348382833068803
326,0.8702354322679461,0.3653963002570543,0.5420189507789019,0.1962335118077086,0.6353163588427263,0.7662646218971398,0.1839288367090846,0.3791329750716986
327,0.2440622250183464,0.2004946717456328,0.2313057374805482,0.8171729815209765,0.1649701287274354,0.8599080209342713,0.3848975984597449,0.7911360760690347
328,0.1737809395670604,0.154108170298506,0.8964866332499395,0.5276908631700088,0.3579323012153973,0.2883352462376444,0.8911986374014562,0.9357303693129913
329,0.629729818630514,0.7975730993597673,0.7035669081577625,0.8640250345267414,0.6639733927999526,0.5822724417327749,0.6273522186534572,0.2737771354305497
330,0.7816992574201216,0.4865145569044892,0.7918148388226809,0.9777376449164616,0.5951561738847481,0.4795218924185866,0.2018133101746227,0.2325973057295168
331,0.0931943027423957,0.9666632134057366,0.1976978876209525,0.6759543601497107,0.1827681538569285,0.3290664292715516,0.7387129077457597,0.9612001101536202
332,0.6130890266236351,0.4011167531649621,0.0522505873266919,0.4583010047412633,0.1067391779060633,0.545646415000092,0.6787986358663683,0.7320240132398619
333,0.0387014499343892,0.5326867884914054,0.6039175565260664,0.850262904752444,0.4643389153239327,0.1942713989402616,0.5284011479171189,0.7680645797723709
334,0.3076280265686945,0.7155965324298423,0.7036334454321309,0.3153399096807624,0.6827037770893984,0.278026563572088,0.4601460091841924,0.2293230473200831
335,0.9925549122810052,0.5061081059448286,0.4330811170760362,0.241582368478895,0.4350552005546101,0.7759307199822219,0.6738821169635829,0.0206602635981193
336,0.5102463077621242,0.1872071025723319,0.0466260441122069,0.0943916251369021,0.2854541038284018,0.9892694906188098,0.7044629203472818,0.2249782103717964
337,0.8450082903547106,0.5585341899840423,0.7368519703385206,0.8635160164059973,0.7288768197717207,0.028484759661564,0.5130849689533448,0.7646031638069503
338,0.3030525397802093,0.1544901655375029,0.0354806373182138,0.4587968858588801,0.9140047811718064,0.8685687051599121,0.897200876482897,0.7853287923840753
339,0.7757336978734639,0.7715541317509204,0.0744420370045911,0.256651838317701,0.2493687782630531,0.336415941194977,0.2113307075148539,0.9065926456526282
340,0.6809314830601056,0.0920634443508245,0.6542373850611787,0.0460440365896775,0.0389914695679981,0.7888635506239493,0.4386475078017774,0.2362529818623351
341,0.8576751481943643,0.5288022045566034,0.8603656182033419,0.4394390033889275,0.4558092483578032,0.0765040932097833,0.8037092893893887,0.7129745390651709
342,0.1305914684344656,0.0312025662907592,0.955072909498562,0.7047187072408169,0.1435124286537623,0.6976025803164786,0.2813631764829033,0.4705967557450272
343,0.928097971025351,0.0063313201815873,0.1659531952493083,0.0157102067418669,0.7963850018746917,0.8354519741216676,0.142517004343881,0.5263153372595869
344,0.6574641297651213,0.3234377054191997,0.5256792769830868,0.021014419673889,0.7906192631991418,0.0201918088146854,0.8713920709934362,0.579464494522518
345,0.6003127622123587,0.7359853730047898,0.0654221719801328,0.5312718603344986,0.6369823341263955,0.9461887899612986,0.707727767136871,0.2048808468243365
346,0.3614268514169839,0.9543405639982382,0.985940500927039,0.740971557323038,0.6344413645027598,0.2156884152126847,0.4267653528726802,0.6365859449820472
347,0.730606039473609,0.4578012224705683,0.2395898020003701,0.1258085215464811,0.4321093783396385,0.4031024014429134,0.0478801484172145,0.4028044113950102
348,0.45089314572753,0.8563965099329748,0.0714943222406419,0.4993503892536431,0.7089485223742072,0.3497629138937613,0.8776035245326167,0.0468384239559049
349,0.1150099251305043,0.9908142830279832,0.0733579116108963,0.8724395498479789,0.2749162102753806,0.9231664089184604,0.7188566050443946,0.2806976449444892
350,0.0300479597434517,0.4010497584616268,0.5806940721236012,0.139387636259751,0.5423427742576988,0.4880404220051826,0.2443898868590541,0.0405989382780002
351,0.9275774601860712,0.9686038225064952,0.7154546388046615,0.7743494680731025,0.4290729304049792,0.2732863929300978,0.4411475840968025,0.2183231595862681
352,0.3294341454699891,0.2732683452452256,0.2869069407167232,0.7819432733187316,0.0208537199423763,0.1381354558850733,0.3404311530593779,0.0328007261870353
353,0.332466464621309,0.9721431472910388,0.0768481551497087,0.4200776065419089,0.9053845504635412,0.2699606396012335,0.0181591878388128,0.1818939807827292
354,0.3929228891113782,0.5090192849293211,0.9068650529333956,0.8517505738693063,0.303352386940633,0.2050979487197257,0.8439131873664096,0.5072252662512982
355,0.6862886491944987,0.798749328152272,0.7604700705109297,0.7318574080539778,0.4206393893801533,0.8672106326616724,0.6847425072398429,0.2287046055730749
356,0.028774319135294,0.3997152682775488,0.1909255122462186,0.928388785736548,0.4212909212562877,0.8024702384795395,0.760707030759112,0.1070555660524966
357,0.309286268581938,0.8928251975041341,0.2166021989563791,0.3746563492236345,0.8991646631030851,0.9766884238671184,0.115934678214043,0.4511558601108374
358,0.9997960825300138,0.9581938486895432,0.0917746878946105,0.8178819892265687,0.7706329647713756,0.2918156926574453,0.6167801284125447,0.788708819438746
359,0.1756036283111481,0.7259198156300676,0.7468902579262618,0.1862719086056316,0.8099625036182925,0.3085691604327676,0.8747568695985943,0.2408833732099211
360,0.5421330938423785,0.6741779301305284,0.941431458809677,0.3060213150523014,0.0901896983383535,0.1585760380043583,0.9711391063926054,0.5554801145845705
361,0.0081979804592444,0.1221510669754907,0.190826149767008,0.7630720063966332,0.0969648803239031,0.7402616079384118,0.8223538038402922,0.1889701112468864
362,0.7423632646400689,0.7967770103809795,0.1275284867439838,0.2904680573685182,0.7532388263301669,0.6473195938443604,0.9268568643671108,0.6681226743188243
363,0.7884537318331064,0.8425966303742451,0.250706732867075,0.96939980339803,0.6039173603397822,0.2344855971610518,0.7835885438133747,0.4653554221608881
364,0.0977146206650821,0.1880814900196225,0.6149770771131726,0.3606310609841261,0.1186798783218,0.1315007646350473,0.0115218349169311,0.9214152753216568
365,0.8712164973103096,0.3172903353573539,0.1923100328887503,0.2864458727321716,0.8485057536527315,0.7208942072891579,0.6632114933069142,0.417024934997929
366,0.1486078153647054,0.9106239792407212,0.8114652627006383,0.6933407726127462,0.664356077257054,0.3613713371017942,0.8220639236876811,0.9380205208420438
367,0.7849046066220466,0.6874709162193129,0.4993835405597441,0.0104731093651302,0.9363689378521742,0.0824442244116879,0.5180828789393237,0.8177464264154798
368,0.3305363259845576,0.2960023205850943,0.3874880360901023,0.3164078835403774,0.097726365865371,0.1254921232278839,0.5287254026903583,0.4599995408895442
369,0.172143952445881,0.2048576295119015,0.1655833122455297,0.2370502645781343,0.1092332029698827,0.0496450399534404,0.1572831262886431,0.2238165767286254
370,0.7487803001167779,0.5666677923347739,0.9490996745453888,0.5046900676225226,0.2913617661164017,0.031609296617835,0.370692109804618,0.5745113328754565
371,0.1478603961406458,0.417210505898496,0.7193418943678568,0.3978537703282698,0.5126216771090422,0.8806421879485619,0.4820204496010521,0.4719429259258597
372,0.8836627569643969,0.3237152868617754,0.2016856725648101,0.1748380372617293,0.9928888917296632,0.1165040710362483,0.1968305052444634,0.7224758579022889
373,0.6688759904352212,0.2187854295170307,0.931533663801421,0.5025911823070843,0.6580994926203201,0.840317669531396,0.042830319499317,0.9230969611325496
374,0.4418158460582402,0.6411654694197616,0.1574737157142265,0.2084257312367736,0.2170038793045569,0.9026218099119492,0.7930960654383212,0.6830123043750229
375,0.5579296415793764,0.0361562565056003,0.8341602871553566,0.0108056048326614,0.4274703963204666,0.0975360283531334,0.5117469682669438,0.424096427225525
376,0.1777545564062659,0.8436770106770631,0.1831396366543015,0.2715750144791152,0.9744976989048784,0.2139753668726821,0.5476527671440675,0.881275013345091
377,0.1627754450431395,0.8384321527344887,0.0906550424377832,0.8802646446416464,0.2845724682472957,0.089605400702838,0.0557276806775279,0.9568025548246196
378,0.29215596425668,0.0117488987097477,0.4213789322921853,0.9390386480708256,0.503622223065093,0.3575838466656802,0.4148774209327519,0.5471948670595214
379,0.4656117432466712,0.8710202419722213,0.3624564480326142,0.0182137027389137,0.6027475473755588,0.1201615519375705,0.5934312025054989,0.4393857658464222
380,0.5684147221497405,0.7663734792075305,0.1823026845420762,0.2589903600921248,0.5300290825046692,0.2466518303480517,0.8845620460876311,0.5800900315686537
381,0.7836173214186613,0.5303062557977901,0.8905158291594121,0.7710037946615975,0.0304317633089297,0.8704115771416239,0.1530206662982017,0.8925772609593078
382,0.1298084016628817,0.2611220872804362,0.5068340219448682,0.4117714092898384,0.3121729046672866,0.3733520170127455,0.3445519891078566,0.3742717654820109
383,0.6966339465768643,0.6412220585543226,0.4518925708722738,0.3089224807385431,0.4120006025178401,0.240196510429404,0.9769627604917837,0.8455177488629664
384,0.8643637678959549,0.5301375235628005,0.0023422527732065,0.2602331330290637,0.5098958074293791,0.3065866327768131,0.4049084496123531,0.0525415112543757
385,0.0896199391975335,0.342948769814052,0.2829130849038902,0.7259938871988938,0.7826614420688159,0.1497960946059767,0.1852384606253478,0.5285574106007628
386,0.4681823938555848,0.4498231088744323,0.7014905105922107,0.4160745904121835,0.4938561977633497,0.5678997696542075,0.3897143587391148,0.951516678349545
387,0.9154677300811902,0.2922271288144432,0.421172608745799,0.4930196795873317,0.2942533966150383,0.5320376468486177,0.8286408963082373,0.1234800379708098
388,0.9929279132430956,0.6788604535984973,0.7424104401541107,0.2882209390692027,0.2090041882931395,0.3184619762504104,0.6785292466266544,0.5752473201613204
389,0.2304247307393917,0.621826279934164,0.9050864751046578,0.2543926836762543,0.0748095274418544,0.6460154490103426,0.0755511824415714,0.8130723396494923
390,0.8627669391543759,0.0093654961877446,0.5369807525489172,0.4387582592752392,0.688716642605604,0.3295459326131092,0.8012150683933118,0.923095721825796
391,0.8604485345950678,0.0720862751572135,0.8978847397650869,0.0070496999540692,0.3449199618622355,0.6713327441042526,0.5531366733375354,0.7762090286133344
392,0.1776138242125141,0.8735912594166406,0.0894766025545816,0.2138838893621961,0.099313544387304,0.7274346274314484,0.5989104690651839,0.4868003204049143
393,0.0614819541012318,0.2396588549335564,0.9557677922063446,0.6127911881287604,0.959542397506835,0.2062417048957309,0.905276996650114,0.3029976108331449
394,0.7191414888561316,0.9437000065959652,0.4945899761546392,0.3717206286873458,0.4204592940739375,0.0561919380272564,0.8123575022007576,0.9200085587061684
395,0.2944827722011327,0.8993916365009252,0.6150099779397803,0.3488956636915695,0.1457208131543446,0.1825574260320303,0.0564237288913709,0.504484731469307
396,0.31900402409212,0.1449699111572404,0.0197704980198628,0.3769773617847198,0.4484000990963692,0.309223797704053,0.143646328535273,0.6134253305172452
397,0.2275122257401257,0.3196318025453665,0.064086327578307,0.7393810161587564,0.9815734121163588,0.4340585177436104,0.2715466421993648,0.8062260315531072
398,0.9805475918345132,0.3051530859497938,0.8531855710602596,0.6119300185982486,0.7520136036845725,0.947648885256716,0.2834597568078941,0.8711499488244613
399,0.5150647010784001,0.8600874876182939,0.7373731715398566,0.8424587720072804,0.2369870057324874,0.3865719703538957,0.2804211695972879,0.7058647124092645
400,0.6349694752267021,0.5069283512710177,0.4897670531915443,0.0452078063874807,0.8012788696679098,0.5252936181341105,0.407239286021424,0.9069451120290042
401,0.4454505363165162,0.5866298850107948,0.3249593449582942,0.1414575367372318,0.2673098104391317,0.6773373229244656,0.4268633891566201,0.5431941689133731
402,0.5151130731627087,0.1233791341498066,0.272381662327126,0.7595790848786769,0.4943940488062263,0.7734629381192369,0.3922133975741161,0.6141879750218434
403,0.9642515762969672,0.2185051004292657,0.6611356358504374,0.955959432531874,0.2449783009337984,0.2582105371183152,0.21549219549591,0.4511045041331578
404,0.6581730015610038,0.331135730474674,0.6652288992698566,0.8805803981541367,0.0921165804175793,0.9115929121755272,0.2058123425476047,0.3870799164432259
405,0.8236088643875358,0.0243946351042002,0.4416708354432277,0.4059255306411562,0.5384653192694502,0.8495366287437257,0.7861888913649157,0.4662670087598554
406,0.7780139356382494,0.1698592440052229,0.3453232038283558,0.4016669673950178,0.8460779507264388,0.3226754272832822,0.9427121606489406,0.5673488228817668
407,0.7883190596415418,0.3473597538415174,0.1910548287278142,0.3247469177619556,0.428099934551709,0.231718720032094,0.1891012939133912,0.3537488064902905
408,0.4910618473074792,0.8379762563963079,0.2139522306315568,0.4831589585944115,0.1247636381924536,0.3080502802706395,0.2727617820961269,0.4040441327076952
409,0.966494542092332,0.1906515418366933,0.9146594071544244,0.2659102961094378,0.9744612120194536,0.2488049218477768,0.2683667471402853,0.0030921647900068
410,0.7334047184058557,0.0481432591128029,0.5398961823048195,0.2551894024654939,0.8575951468811327,0.5259167632243846,0.1481432894752058,0.3880555096612726
411,0.4724408507926811,0.2938690758872826,0.5724297803544025,0.276872004228697,0.8811200077141527,0.9900754633489884,0.5942160438007805,0.4511786715698318
412,0.9666358682128432,0.0149667163481791,0.7205862872463501,0.8356173153323871,0.0295528686795876,0.5956261022164383,0.3441630221551567,0.5310060220022015
413,0.575733920309844,0.5610835168501243,0.5859369426024016,0.497340703390126,0.017767494479178,0.1805466943098578,0.5497101591802116,0.1820879965554056
414,0.3752014396369626,0.0310614909230365,0.4124060742164677,0.8594868953861262,0.5251511033254443,0.760361728175886,0.8366467950707211,0.7069537540494085
415,0.5264763665077373,0.6222939187578136,0.7388613769143079,0.2005058545311115,0.6487610731818784,0.4139865557291784,0.94453046643833,0.9684399525582432
416,0.9151210976851514,0.6945727609550212,0.4485744553738037,0.989349966914732,0.0800446824773694,0.5187563206364628,0.0333457002778951,0.3224811477305344
417,0.7050958171623735,0.1850521025004459,0.7037370633523432,0.1076392974676585,0.3494816203930394,0.8394444063766651,0.0590699593053742,0.0716898663722567
418,0.0463706520685678,0.1890534577247996,0.6456215129871528,0.5210963181964436,0.3765241402458593,0.2689466705053774,0.7037583590544565,0.972137582566674
419,0.2728596981939002,0.1718288764750767,0.7084123811838839,0.9183563881536024,0.522326557800295,0.0023319409410006,0.0121917849730546,0.1751322154458845
420,0.8847737345463187,0.8525493678993733,0.8184240916661508,0.177831373144905,0.1559872912767159,0.714856224049501,0.8004902250241681,0.5802272155461118
421,0.7663499795727362,0.4244798190446626,0.6078359678023345,0.3345817583769727,0.3675500250505762,0.2339132175393502,0.2351367167027092,0.8741826720097918
422,0.3523177744190979,0.3350242824242335,0.8592185495825261,0.9149423533269444,0.8929103311314766,0.04277586277258,0.844842319782858,0.4337179471605026
423,0.8307360176693499,0.1920194254061263,0.1071751147762339,0.3405709952782353,0.8375212412149741,0.4653285658492011,0.3149324069473447,0.4280230450424261
424,0.6109668196214775,0.5834163562726261,0.5639031602987306,0.0440688361317195,0.388784437521561,0.1710342113401165,0.5983299270269982,0.8111508526140782
425,0.5971601860370667,0.8886274272842786,0.568597445923811,0.8943055208682006,0.0966275549787576,0.3833316840582929,0.1979138009079606,0.1673542699059168
426,0.586054801895391,0.2588977185988744,0.3984789997161487,0.7348304782870354,0.4531714808295998,0.8709330203980706,0.6536496512646774,0.0254289033068617
427,0.0143619553043947,0.5665831734704063,0.6748542080044583,0.3762939328779697,0.840333493620902,0.3126281554849127,0.8962150453093015,0.6384625381090181
428,0.549566182636379,0.6285150723726808,0.1860011337703528,0.6275467184215502,0.7833490315680964,0.4804156664346293,0.696528448260117,0.2004102747921109
429,0.7288880740275075,0.1988299680744844,0.5317456791741006,0.2348670590309447,0.2556013914127968,0.3217973396638837,0.3795946366113284,0.2759365780106281
430,0.6105311861156313,0.1153072063931477,0.6730094766016078,0.4860228827089439,0.2310289667250252,0.8688123508541028,0.920104263218978,0.8198822528910938
431,0.7326039528492311,0.5274450168421603,0.9665702425928364,0.8189382607770698,0.3218338476224349,0.9766146280166736,0.0488143865961748,0.3082818862208151
432,0.1557595072152937,0.880685299829917,0.8879927238496675,0.0965820103272444,0.1897829263671626,0.7926271131899354,0.2179019345785936,0.3060078912608719
433,0.6930891464788836,0.1911850791676907,0.0481746210070423,0.0477366160963312,0.513183299369037,0.2205591920808824,0.9001775115123146,0.2214667965891764
434,0.9687387243093564,0.9576301233430534,0.4285157799314074,0.7186259845256202,0.351368169472436,0.7398962606389231,0.3176735247019053,0.1427748515385842
435,0.78091290468849,0.0345446083941257,0.7218056188275672,0.8946790964141077,0.3661322737420089,0.8277468909800254,0.6603599460426938,0.826022291530573
436,0.9371075589820508,0.1654862493270814,0.4786968556985777,0.9255732494325608,0.447916721632657,0.1786169597463048,0.9954605708862402,0.8525504332651763
437,0.3435758118724026,0.7450562811736741,0.6640764682937226,0.1042507438891159,0.5413621779155127,0.1588049824332642,0.4784970226006043,0.3345252756543745
438,0.944129581848682,0.4838000441211563,0.1146644257492953,0.4406991609731614,0.706049697788032,0.3531210537633084,0.6680769438782322,0.7487009969871141
439,0.1157163611146295,0.5227731634372658,0.2607137518322038,0.4744351598141544,0.8599780328835813,0.4949458149474834,0.6391240872496896,0.4561356484099074
440,0.7875657476235248,0.6138114501591907,0.0365049189017928,0.2418711214744284,0.3180571191885113,0.2756673765191536,0.5386853972893808,0.5243863859609414
441,0.5202550429274747,0.0090042418436616,0.0603412920377819,0.6890997035638351,0.9665141055494963,0.4366928148646957,0.9436212064204774,0.0235537245464095
442,0.0212868684267756,0.7618273416088783,0.5483169490463222,0.49439033793689,0.3375613627476472,0.3794703713185275,0.0546540059263885,0.7203759470383719
443,0.371556867157274,0.6675971646219948,0.8629963689402462,0.4738798432255057,0.5506832390093942,0.187370102931778,0.5540081514527817,0.3471267541343081
444,0.331847559715837,0.4334036178861401,0.9888123831895052,0.3912092797610447,0.0021599458912957,0.4447895467612403,0.4233153021189821,0.3294143275980051
445,0.1774068833041795,0.40050061966975,0.7880535700719952,0.8211064321072223,0.3156476398915923,0.1914740021391046,0.2955174321119682,0.7667593449548527
446,0.7012394201521502,0.7197880263053519,0.5754964468066252,0.7618934324915898,0.4878510631278892,0.7414599306610693,0.4045462674481651,0.4480569230139697
447,0.7041966575972964,0.8638038032486572,0.7260823752030126,0.0454798881291889,0.863040036091441,0.4606328903839888,0.7242194726876386,0.0482486000799931
448,0.5023330974986063,0.4659892420460086,0.1809645179457759,0.6703485367407933,0.0726240658770864,0.167387754117155,0.5784488052048796,0.1104630643122324
449,0.6947495988363656,0.0388405002191026,0.609129874072284,0.3848939925937518,0.5631213884691293,0.2695067825051824,0.0790273309344863,0.0691978808908523
450,0.7182206917257894,0.7380315860853172,0.7575399410376098,0.8886480062413615,0.504593224099123,0.1897672743725439,0.2800561176285213,0.0364524359814969
451,0.5212581287157182,0.91974496667412,0.8477882435719252,0.6438998888542179,0.416453791171546,0.9849968735321318,0.9855426538564594,0.3741424691817641
452,0.3418087753023191,0.4847629813305152,0.7786675025895439,0.7454860062015022,0.0970564548789512,0.6778476626500247,0.9775213535359945,0.9015287433057776
453,0.605502980128439,0.5362561456413043,0.9018142482400328,0.4766872388203049,0.9206516230373192,0.3662004196153591,0.8466316629714329,0.1216484341469131
454,0.5163533855213934,0.4622869709780405,0.6384144752277525,0.0362164003901993,0.238988085962514,0.2046744859054549,0.7635462999372395,0.8421294120631948
455,0.6604645946337577,0.1740707085115622,0.1861506499832773,0.6525455915942862,0.6535047432256795,0.4602789777686554,0.6127650426812724,0.2372633335754607
456,0.2899219050201138,0.2644904042835305,0.0298131318082263,0.6141706268677714,0.0588846174700856,0.0212521121945962,0.4924652257360391,0.4901450096685618
457,0.4057748723445746,0.1486761445201977,0.4503506387749389,0.4400501979263584,0.2707211182283322,0.6385333594249432,0.975897002575098,0.3423904280905595
458,0.0068524860078093,0.607641368787814,0.5093154216916077,0.4933245704377842,0.8169344953382339,0.4596598475883393,0.6951435705961159,0.0449827966547352
459,0.4219646201414558,0.933473456893492,0.6374231807521918,0.6442907986288273,0.2220081275870039,0.1850551313038709,0.2486211222840914,0.4938035841134708
460,0.4150451799877057,0.0520849492141517,0.4411535691638384,0.8723117401900652,0.7197896946824233,0.2814826112382785,0.908015454906304,0.4325256212586638
461,0.3824673105602493,0.968774700129706,0.7397097362536903,0.2660258105915596,0.7200638923184532,0.5741213946357644,0.757899422357021,0.3682695463804544
462,0.3100029043428398,0.3793765636261196,0.2028332517221619,0.3546944063880303,0.8190377282366034,0.3121324461571481,0.0401191242611226,0.8291278725641532
463,0.8339703378454133,0.1508322741379124,0.8575239426411813,0.8089159868412052,0.0149984611367335,0.3325633620975583,0.4721053146033219,0.116446217900841
464,0.7233671700137808,0.550105406100361,0.0812750076727992,0.5185559419646655,0.3869504763515965,0.9300398769377018,0.2995388431093432,0.0749952439149206
465,0.677165912107328,0.857462513798053,0.588123947357822,0.5553575344279204,0.7627097002337154,0.8052644715557721,0.3441344986683643,0.5041975498181094
466,0.8804163029562815,0.3513141913452892,0.0955446783548134,0.2221391196397185,0.2303877561944035,0.6957710207254294,0.6356103284677789,0.5143916546014968
467,0.3757889504402139,0.1377031749452582,0.8211506722383657,0.6169678994282267,0.9904967018878874,0.0905941541070644,0.4891224184891058,0.4156146156141344
468,0.7380453045362283,0.8786969413992652,0.9855291670907332,0.9981129515327624,0.1330653439072693,0.7885722806887255,0.8480825984011359,0.6998410809204717
469,0.0556975893997926,0.5593479869990209,0.5232335002216029,0.237075362217063,0.8782420248184488,0.4945452336441563,0.9517438107199432,0.836294344951644
470,0.6931278396186236,0.3540636419215867,0.9388529989912902,0.198126203494064,0.7664461727744071,0.2696234289550732,0.8010234663287569,0.0192586317749138
471,0.4161375878335231,0.3437820375332799,0.8590419195224815,0.7111935909101084,0.2183499517667674,0.3839290880257802,0.7987180905068731,0.5548195701829005
472,0.1632942329738758,0.4592364951283769,0.7377660000313898,0.0899346789478855,0.3374050513690969,0.5489838130746232,0.1577287827303195,0.2229747204575211
473,0.8538893595139937,0.3950384316603155,0.1903413184991305,0.3180610150371998,0.5358217652381951,0.6013696633734171,0.823687398132298,0.77313213285389
474,0.2777063084416633,0.3227526386572851,0.4441644631124138,0.5547209483732571,0.5376253571989033,0.48803809783023,0.8743123177413021,0.4833915971859693
475,0.1800452879055551,0.732502604116206,0.9363541522749108,0.1242654633793645,0.6457425112423935,0.122084537781513,0.2389487278261451,0.9873414836041348
476,0.5994465557638817,0.2256396519532942,0.0447856013704947,0.5139199446607849,0.195119069862081,0.2420698629408025,0.8985418942328509,0.3512299978220095
477,0.7720708266051708,0.7288420696715485,0.660281087193159,0.7560620226559132,0.1960736424690436,0.1990577087169702,0.3101711187605634,0.6236449194684082
478,0.7640167214244663,0.9440617180434272,0.8403263095245318,0.5371160522755272,0.118250927042148,0.9112329189220144,0.4276042452168098,0.7876750519830457
479,0.7151061545697069,0.1351304393343033,0.2442340278698236,0.7024369280778173,0.7523537692336559,0.3756366739216931,0.3493585229491805,0.7139931637437107
480,0.5194085223154213,0.9050439142997868,0.7758002534104913,0.7896233674872324,0.1757319073348877,0.9163715330830386,0.3282254205814577,0.1685675817948932
481,0.9988446921120162,0.4278136193647273,0.8096956244400809,0.2997268028150168,0.79172555317518,0.5099837122215023,0.3434683342452018,0.7614031133908795
482,0.9059048797483796,0.6071223135819201,0.2400000708833622,0.2400113981763884,0.788987143313372,0.8009017148109864,0.4997951385393485,0.3998958069725585
483,0.6073733538227737,0.7971887505129629,0.1229216783645812,0.9227234124817908,0.7137230420682906,0.9243524760354552,0.9288213389713226,0.6383458678618327
484,0.7371027839739993,0.1028637893026697,0.9908676264960378,0.6595319561983377,0.282872657025511,0.6355819737837903,0.9673296592202358,0.9145262407170744
485,0.9002015840674858,0.2305338890414465,0.999865286914116,0.2543201583065009,0.7945057887169581,0.5338475150883153,0.0025138717289232,0.3139108844712911
486,0.4733885780930252,0.1632563936042111,0.9077197522972972,0.7372171489608995,0.3129210865058942,0.1362481147711972,0.1800932653052247,0.6027567732158694
487,0.3298792571620275,0.6328908280366026,0.9898400548595347,0.5089481734461021,0.4845675525338561,0.1595558154692359,0.5402500413670613,0.925516977038507
488,0.4197779535045496,0.3078501729162004,0.488474503873308,0.1912486208626751,0.5793318950410551,0.1162684222314561,0.1242765755662392,0.4621236266892368
489,0.1540636123359857,0.0207015719343228,0.9198207623479704,0.4757442485648526,0.9325965675258584,0.6078935737213794,0.6199835030434174,0.604564789575591
490,0.3260163223582997,0.4991317835407524,0.5125552779206568,0.6539209411825073,0.7723321790441324,0.1732050158044286,0.1660272494563387,0.1894925658840859
491,0.2941383067941896,0.8851623222778344,0.0318754465673123,0.0188939098697953,0.6265386940064513,0.6878717776055921,0.2827514309413246,0.6107336400920361
492,0.0335491014147329,0.2970263881760118,0.6884316152620755,0.8576020745837076,0.8262899941097345,0.1413109313999644,0.81670363580463,0.7318970634979763
493,0.6388617101311774,0.6087749534169464,0.9885877134989408,0.6976050321965964,0.1558504709861835,0.4936719170339033,0.0951003708799737,0.1144948405331014
494,0.5163227720120518,0.9323339543942876,0.8853380494505388,0.1510498713924417,0.0120505122203518,0.8065604286409582,0.6738036850613671,0.769895242661886
495,0.0550174374969959,0.4648497086234703,0.5175932979571091,0.3784156382495577,0.5129171232879899,0.2733619090822099,0.8749214420699719,0.6132711399256502
496,0.6868277867637876,0.6888621867213915,0.3364029393454182,0.3122446960702718,0.9365255686804844,0.9187431381693372,0.6457406076887089,0.0119706957819216
497,0.7458482875934431,0.0271866538769278,0.2175826246852401,0.4880170896086087,0.1357496232094525,0.8358303260185646,0.2994800575798543,0.8066184420338502
498,0.7056050877304748,0.2032779717996181,0.8020387739630291,0.4246151709648655,0.5685984659797737,0.6680347355703465,0.2001514134185127,0.3555345482188796
499,0.2132323402396945,0.6246508398833381,0.7095505868824129,0.4656156184821282,0.2497629523900812,0.8862307818479938,0.5155834729754465,0.0026784322873135
